<?xml version="1.0" encoding="UTF-8" standalone="yes"?>
<HPXInputXML>
    <NOP_Remit_Mode>BATCH</NOP_Remit_Mode>
    <Batchid>FEPRMT0800415103153</Batchid>
    <FinanceCheckRecordHeaderArray>
        <ControlHeaderTotalAmount>45714.45</ControlHeaderTotalAmount>
        <VoucherCode>YB</VoucherCode>
    </FinanceCheckRecordHeaderArray>
    <Mailset>
        <FinanceCheckRecordArray>
            <PayeeIDNumber>1003853136</PayeeIDNumber>
            <PayeeName>SILVER SPRING OPHTHALMOLO</PayeeName>
            <CheckAmount>4056.19</CheckAmount>
            <VoucherCode>YB</VoucherCode>
            <IssueDate>04/15/2020</IssueDate>
            <TaxIDNumber></TaxIDNumber>
            <Type></Type>
            <InternalCHKNumber>100006357</InternalCHKNumber>
            <StateCode>MD</StateCode>
            <FEPSPLIT1HO>+0000000.00</FEPSPLIT1HO>
            <FEPSPLIT2SO>+0000000.00</FEPSPLIT2SO>
            <FEPSPLIT3BO>+0000000.00</FEPSPLIT3BO>
            <FEPSPLIT4HMO>+0000000.00</FEPSPLIT4HMO>
            <FEPSPLIT5SS>+0000000.00</FEPSPLIT5SS>
            <FEPSPLIT6BF>+0004056.19</FEPSPLIT6BF>
            <PayeeAddress1>8630 FENTON STREET</PayeeAddress1>
            <PayeeAddress2>SUITE 800</PayeeAddress2>
            <PayeeAddress3></PayeeAddress3>
            <PayeeCity>SILVER SPRING</PayeeCity>
            <PayeeState>MD</PayeeState>
            <PayeeZip>20910</PayeeZip>
            <PayeeAlternateID>NH9</PayeeAlternateID>
            <MBRNumber>0001</MBRNumber>
        </FinanceCheckRecordArray>
    </Mailset>
    <Mailset>
        <FinanceCheckRecordArray>
            <PayeeIDNumber>1205896446</PayeeIDNumber>
            <PayeeName>SUBURBAN HOSPITAL</PayeeName>
            <CheckAmount>3898.75</CheckAmount>
            <VoucherCode>YB</VoucherCode>
            <IssueDate>04/15/2020</IssueDate>
            <TaxIDNumber></TaxIDNumber>
            <Type></Type>
            <InternalCHKNumber>100006358</InternalCHKNumber>
            <StateCode>PA</StateCode>
            <FEPSPLIT1HO>+0000000.00</FEPSPLIT1HO>
            <FEPSPLIT2SO>+0002625.81</FEPSPLIT2SO>
            <FEPSPLIT3BO>+0001293.97</FEPSPLIT3BO>
            <FEPSPLIT4HMO>+0000000.00</FEPSPLIT4HMO>
            <FEPSPLIT5SS>+0000000.00</FEPSPLIT5SS>
            <FEPSPLIT6BF>-0000021.03</FEPSPLIT6BF>
            <PayeeAddress1>PO BOX 824307</PayeeAddress1>
            <PayeeAddress2></PayeeAddress2>
            <PayeeAddress3></PayeeAddress3>
            <PayeeCity>PHILADELPHIA</PayeeCity>
            <PayeeState>PA</PayeeState>
            <PayeeZip>191824304</PayeeZip>
            <PayeeAlternateID>715</PayeeAlternateID>
            <MBRNumber>0001</MBRNumber>
        </FinanceCheckRecordArray>
    </Mailset>
    <Mailset>
        <FinanceCheckRecordArray>
            <PayeeIDNumber>1336198704</PayeeIDNumber>
            <PayeeName>DEPARTMENT OF VETERANS AF</PayeeName>
            <CheckAmount>16161.20</CheckAmount>
            <VoucherCode>YB</VoucherCode>
            <IssueDate>04/15/2020</IssueDate>
            <TaxIDNumber></TaxIDNumber>
            <Type></Type>
            <InternalCHKNumber>100006359</InternalCHKNumber>
            <StateCode>NC</StateCode>
            <FEPSPLIT1HO>+0000000.00</FEPSPLIT1HO>
            <FEPSPLIT2SO>+0016161.20</FEPSPLIT2SO>
            <FEPSPLIT3BO>+0000000.00</FEPSPLIT3BO>
            <FEPSPLIT4HMO>+0000000.00</FEPSPLIT4HMO>
            <FEPSPLIT5SS>+0000000.00</FEPSPLIT5SS>
            <FEPSPLIT6BF>+0000000.00</FEPSPLIT6BF>
            <PayeeAddress1>PO BOX 19968</PayeeAddress1>
            <PayeeAddress2></PayeeAddress2>
            <PayeeAddress3></PayeeAddress3>
            <PayeeCity>ASHEVILLE</PayeeCity>
            <PayeeState>NC</PayeeState>
            <PayeeZip>288159822</PayeeZip>
            <PayeeAlternateID>GM8</PayeeAlternateID>
            <MBRNumber>0001</MBRNumber>
        </FinanceCheckRecordArray>
    </Mailset>
    <Mailset>
        <FinanceCheckRecordArray>
            <PayeeIDNumber>1366492977</PayeeIDNumber>
            <PayeeName>SIBLEY MEMORIAL HOSPITAL</PayeeName>
            <CheckAmount>4002.77</CheckAmount>
            <VoucherCode>YB</VoucherCode>
            <IssueDate>04/15/2020</IssueDate>
            <TaxIDNumber></TaxIDNumber>
            <Type></Type>
            <InternalCHKNumber>100006360</InternalCHKNumber>
            <StateCode>MA</StateCode>
            <FEPSPLIT1HO>+0000000.00</FEPSPLIT1HO>
            <FEPSPLIT2SO>+0003993.50</FEPSPLIT2SO>
            <FEPSPLIT3BO>+0000081.23</FEPSPLIT3BO>
            <FEPSPLIT4HMO>+0000000.00</FEPSPLIT4HMO>
            <FEPSPLIT5SS>+0000000.00</FEPSPLIT5SS>
            <FEPSPLIT6BF>-0000071.96</FEPSPLIT6BF>
            <PayeeAddress1>PO BOX 416857</PayeeAddress1>
            <PayeeAddress2></PayeeAddress2>
            <PayeeAddress3></PayeeAddress3>
            <PayeeCity>BOSTON</PayeeCity>
            <PayeeState>MA</PayeeState>
            <PayeeZip>022416857</PayeeZip>
            <PayeeAlternateID>709</PayeeAlternateID>
            <MBRNumber>0001</MBRNumber>
        </FinanceCheckRecordArray>
    </Mailset>
    <Mailset>
        <FinanceCheckRecordArray>
            <PayeeIDNumber>1548378235</PayeeIDNumber>
            <PayeeName>WASHINGTON HOSPITAL CENTE</PayeeName>
            <CheckAmount>15103.00</CheckAmount>
            <VoucherCode>YB</VoucherCode>
            <IssueDate>04/15/2020</IssueDate>
            <TaxIDNumber></TaxIDNumber>
            <Type></Type>
            <InternalCHKNumber>100006362</InternalCHKNumber>
            <StateCode>MA</StateCode>
            <FEPSPLIT1HO>+0000000.00</FEPSPLIT1HO>
            <FEPSPLIT2SO>+0003642.06</FEPSPLIT2SO>
            <FEPSPLIT3BO>+0011483.95</FEPSPLIT3BO>
            <FEPSPLIT4HMO>+0000000.00</FEPSPLIT4HMO>
            <FEPSPLIT5SS>+0000000.00</FEPSPLIT5SS>
            <FEPSPLIT6BF>-0000023.01</FEPSPLIT6BF>
            <PayeeAddress1>PO BOX 418203</PayeeAddress1>
            <PayeeAddress2></PayeeAddress2>
            <PayeeAddress3></PayeeAddress3>
            <PayeeCity>BOSTON</PayeeCity>
            <PayeeState>MA</PayeeState>
            <PayeeZip>022418203</PayeeZip>
            <PayeeAlternateID>721</PayeeAlternateID>
            <MBRNumber>0001</MBRNumber>
        </FinanceCheckRecordArray>
    </Mailset>
    <Mailset>
        <FinanceCheckRecordArray>
            <PayeeIDNumber>1568468221</PayeeIDNumber>
            <PayeeName>ADVENTIST HEALTH CARE INC</PayeeName>
            <CheckAmount>99.96</CheckAmount>
            <VoucherCode>YB</VoucherCode>
            <IssueDate>04/15/2020</IssueDate>
            <TaxIDNumber></TaxIDNumber>
            <Type></Type>
            <InternalCHKNumber>100006363</InternalCHKNumber>
            <StateCode>MD</StateCode>
            <FEPSPLIT1HO>+0000000.00</FEPSPLIT1HO>
            <FEPSPLIT2SO>+0000099.96</FEPSPLIT2SO>
            <FEPSPLIT3BO>+0000000.00</FEPSPLIT3BO>
            <FEPSPLIT4HMO>+0000000.00</FEPSPLIT4HMO>
            <FEPSPLIT5SS>+0000000.00</FEPSPLIT5SS>
            <FEPSPLIT6BF>+0000000.00</FEPSPLIT6BF>
            <PayeeAddress1>PO BOX 62153</PayeeAddress1>
            <PayeeAddress2></PayeeAddress2>
            <PayeeAddress3></PayeeAddress3>
            <PayeeCity>BALTIMORE</PayeeCity>
            <PayeeState>MD</PayeeState>
            <PayeeZip>212642153</PayeeZip>
            <PayeeAlternateID>758</PayeeAlternateID>
            <MBRNumber>0001</MBRNumber>
        </FinanceCheckRecordArray>
    </Mailset>
    <Mailset>
        <FinanceCheckRecordArray>
            <PayeeIDNumber>1720099286</PayeeIDNumber>
            <PayeeName>DIMENSIONS HEALTH CORPORA</PayeeName>
            <CheckAmount>1046.70</CheckAmount>
            <VoucherCode>YB</VoucherCode>
            <IssueDate>04/15/2020</IssueDate>
            <TaxIDNumber></TaxIDNumber>
            <Type></Type>
            <InternalCHKNumber>100006364</InternalCHKNumber>
            <StateCode>MA</StateCode>
            <FEPSPLIT1HO>+0000000.00</FEPSPLIT1HO>
            <FEPSPLIT2SO>+0001046.70</FEPSPLIT2SO>
            <FEPSPLIT3BO>+0000000.00</FEPSPLIT3BO>
            <FEPSPLIT4HMO>+0000000.00</FEPSPLIT4HMO>
            <FEPSPLIT5SS>+0000000.00</FEPSPLIT5SS>
            <FEPSPLIT6BF>+0000000.00</FEPSPLIT6BF>
            <PayeeAddress1>PO BOX 418305</PayeeAddress1>
            <PayeeAddress2></PayeeAddress2>
            <PayeeAddress3></PayeeAddress3>
            <PayeeCity>BOSTON</PayeeCity>
            <PayeeState>MA</PayeeState>
            <PayeeZip>022418305</PayeeZip>
            <PayeeAlternateID>716</PayeeAlternateID>
            <MBRNumber>0001</MBRNumber>
        </FinanceCheckRecordArray>
    </Mailset>
    <Mailset>
        <FinanceCheckRecordArray>
            <PayeeIDNumber>1790785996</PayeeIDNumber>
            <PayeeName>VIRGINIA HOSPITAL CENTER </PayeeName>
            <CheckAmount>43.88</CheckAmount>
            <VoucherCode>YB</VoucherCode>
            <IssueDate>04/15/2020</IssueDate>
            <TaxIDNumber></TaxIDNumber>
            <Type></Type>
            <InternalCHKNumber>100006365</InternalCHKNumber>
            <StateCode>VA</StateCode>
            <FEPSPLIT1HO>+0000000.00</FEPSPLIT1HO>
            <FEPSPLIT2SO>+0000043.88</FEPSPLIT2SO>
            <FEPSPLIT3BO>+0000000.00</FEPSPLIT3BO>
            <FEPSPLIT4HMO>+0000000.00</FEPSPLIT4HMO>
            <FEPSPLIT5SS>+0000000.00</FEPSPLIT5SS>
            <FEPSPLIT6BF>+0000000.00</FEPSPLIT6BF>
            <PayeeAddress1>PO BOX 34840</PayeeAddress1>
            <PayeeAddress2></PayeeAddress2>
            <PayeeAddress3></PayeeAddress3>
            <PayeeCity>ALEXANDRIA</PayeeCity>
            <PayeeState>VA</PayeeState>
            <PayeeZip>223340840</PayeeZip>
            <PayeeAlternateID>714</PayeeAlternateID>
            <MBRNumber>0001</MBRNumber>
        </FinanceCheckRecordArray>
    </Mailset>
    <Mailset>
        <FinanceCheckRecordArray>
            <PayeeIDNumber>1831220714</PayeeIDNumber>
            <PayeeName>INOVA HEALTH SYSTEM HOSPI</PayeeName>
            <CheckAmount>760.48</CheckAmount>
            <VoucherCode>YB</VoucherCode>
            <IssueDate>04/15/2020</IssueDate>
            <TaxIDNumber></TaxIDNumber>
            <Type></Type>
            <InternalCHKNumber>100006366</InternalCHKNumber>
            <StateCode>MD</StateCode>
            <FEPSPLIT1HO>+0000000.00</FEPSPLIT1HO>
            <FEPSPLIT2SO>+0000760.48</FEPSPLIT2SO>
            <FEPSPLIT3BO>+0000000.00</FEPSPLIT3BO>
            <FEPSPLIT4HMO>+0000000.00</FEPSPLIT4HMO>
            <FEPSPLIT5SS>+0000000.00</FEPSPLIT5SS>
            <FEPSPLIT6BF>+0000000.00</FEPSPLIT6BF>
            <PayeeAddress1>PO BOX 37019</PayeeAddress1>
            <PayeeAddress2></PayeeAddress2>
            <PayeeAddress3></PayeeAddress3>
            <PayeeCity>BALTIMORE</PayeeCity>
            <PayeeState>MD</PayeeState>
            <PayeeZip>212973019</PayeeZip>
            <PayeeAlternateID>724</PayeeAlternateID>
            <MBRNumber>0001</MBRNumber>
        </FinanceCheckRecordArray>
    </Mailset>
    <Mailset>
        <FinanceCheckRecordArray>
            <PayeeIDNumber>HX2</PayeeIDNumber>
            <PayeeName>ADVENTIST HEALTH CARE INC</PayeeName>
            <CheckAmount>541.52</CheckAmount>
            <VoucherCode>YB</VoucherCode>
            <IssueDate>04/15/2020</IssueDate>
            <TaxIDNumber></TaxIDNumber>
            <Type></Type>
            <InternalCHKNumber>100006367</InternalCHKNumber>
            <StateCode>MD</StateCode>
            <FEPSPLIT1HO>+0000000.00</FEPSPLIT1HO>
            <FEPSPLIT2SO>+0000541.52</FEPSPLIT2SO>
            <FEPSPLIT3BO>+0000000.00</FEPSPLIT3BO>
            <FEPSPLIT4HMO>+0000000.00</FEPSPLIT4HMO>
            <FEPSPLIT5SS>+0000000.00</FEPSPLIT5SS>
            <FEPSPLIT6BF>+0000000.00</FEPSPLIT6BF>
            <PayeeAddress1>PO BOX 62109</PayeeAddress1>
            <PayeeAddress2></PayeeAddress2>
            <PayeeAddress3></PayeeAddress3>
            <PayeeCity>BALTIMORE</PayeeCity>
            <PayeeState>MD</PayeeState>
            <PayeeZip>212642109</PayeeZip>
            <PayeeAlternateID></PayeeAlternateID>
            <MBRNumber>0001</MBRNumber>
        </FinanceCheckRecordArray>
    </Mailset>
</HPXInputXML>
