<?xml version="1.0" encoding="UTF-8" standalone="yes"?>
<HPXInputXML>
    <NOP_Remit_Mode>BATCH</NOP_Remit_Mode>
    <Batchid>FEPNOP581011084541</Batchid>
    <FinanceCheckRecordHeaderArray>
        <ControlHeaderTotalAmount>438.20</ControlHeaderTotalAmount>
        <VoucherCode>YJ</VoucherCode>
    </FinanceCheckRecordHeaderArray>
    <Mailset>
        <FinanceCheckRecordArray>
            <PayeeIDNumber>1073804712</PayeeIDNumber>
            <PayeeName>ENZO LEONE</PayeeName>
            <CheckAmount>100.38</CheckAmount>
            <VoucherCode>YJ</VoucherCode>
            <IssueDate>01/10/2020</IssueDate>
            <TaxIDNumber></TaxIDNumber>
            <Type></Type>
            <InternalCHKNumber>230005751</InternalCHKNumber>
            <StateCode>MD</StateCode>
            <FEPSPLIT1HO>+0000000.00</FEPSPLIT1HO>
            <FEPSPLIT2SO>+0000000.00</FEPSPLIT2SO>
            <FEPSPLIT3BO>+0000000.00</FEPSPLIT3BO>
            <FEPSPLIT4HMO>+0000000.00</FEPSPLIT4HMO>
            <FEPSPLIT5SS>+0000000.00</FEPSPLIT5SS>
            <FEPSPLIT6BF>+0000100.38</FEPSPLIT6BF>
            <PayeeAddress1>1600 E GUDE DRIVE</PayeeAddress1>
            <PayeeAddress2>SUITE 200</PayeeAddress2>
            <PayeeAddress3></PayeeAddress3>
            <PayeeCity>ROCKVILLE</PayeeCity>
            <PayeeState>MD</PayeeState>
            <PayeeZip>208509998</PayeeZip>
            <PayeeAlternateID>Y290</PayeeAlternateID>
            <MBRNumber>0000</MBRNumber>
        </FinanceCheckRecordArray>
        <NOP_RemitDetails>
            <TransactionID>FEPNOP58101108453900002</TransactionID>
            <Jurisdiction>MD</Jurisdiction>
            <OutputFormat>PDF</OutputFormat>
            <Application>NOP</Application>
            <HPXPrintInd>S</HPXPrintInd>
            <FileNetMaskFlag>NO</FileNetMaskFlag>
            <HPXArchiveMessage>Printing suppressed due to payment via EFT.</HPXArchiveMessage>
            <MedicalOrDental>Medical</MedicalOrDental>
            <StatementDate>01-10-2020</StatementDate>
            <VoucherSrcSysCdeArray>
                <VoucherCode>YJ</VoucherCode>
                <ClaimSrcSysCde></ClaimSrcSysCde>
            </VoucherSrcSysCdeArray>
            <GenerateCheck>NO</GenerateCheck>
            <CheckSummaryDetails>
                <SummaryPageArray>
                    <MailingAddFirstName>ENZO LEONE</MailingAddFirstName>
                    <MailingAddLastName></MailingAddLastName>
                    <ChkMailingAddLine1>1600 E GUDE DRIVE</ChkMailingAddLine1>
                    <ChkMailingAddLine2>SUITE 200</ChkMailingAddLine2>
                    <ChkMailingAddLine3></ChkMailingAddLine3>
                    <ChkMailingAddCity>ROCKVILLE</ChkMailingAddCity>
                    <ChkMailingAddState>MD</ChkMailingAddState>
                    <ChkMailingAddZip>20850-9998</ChkMailingAddZip>
                    <ChkMailingAddCountry></ChkMailingAddCountry>
                    <CheckDate>01/10/2020</CheckDate>
                    <CheckAmountSummary>100.38</CheckAmountSummary>
                </SummaryPageArray>
                <CheckArray>
                    <FEPCheckNBR>230005751</FEPCheckNBR>
                    <CheckWriterCheckNBR></CheckWriterCheckNBR>
                    <CheckDateMM></CheckDateMM>
                    <CheckDateDD></CheckDateDD>
                    <CheckDateYY></CheckDateYY>
                    <FractionalNumberTop></FractionalNumberTop>
                    <FractionalNumberBottom></FractionalNumberBottom>
                    <CheckPayeeName></CheckPayeeName>
                    <CheckPayeeType></CheckPayeeType>
                    <CheckPayeeNBR></CheckPayeeNBR>
                    <CheckAmountActual></CheckAmountActual>
                    <CheckAmountScript></CheckAmountScript>
                    <CheckNotValid></CheckNotValid>
                    <CheckSignature1></CheckSignature1>
                    <CheckSignature2></CheckSignature2>
                    <BankRoutingNo></BankRoutingNo>
                    <BankAccountNo></BankAccountNo>
                    <BankCheckNo></BankCheckNo>
                </CheckArray>
            </CheckSummaryDetails>
            <PrintDetailsSegment>
                <CostCenter></CostCenter>
                <ImageCostCenter></ImageCostCenter>
                <PostageCostCenter></PostageCostCenter>
                <PrintType></PrintType>
                <PaperSize></PaperSize>
                <MailEnvelope></MailEnvelope>
                <BRE></BRE>
                <Insert></Insert>
                <ImportantTaxInfoField></ImportantTaxInfoField>
                <PrintCarrier></PrintCarrier>
                <Salutation></Salutation>
                <Orientation></Orientation>
                <FiservQueue></FiservQueue>
                <SLA></SLA>
                <UserField1></UserField1>
                <ForeignAddress></ForeignAddress>
                <ParentWO></ParentWO>
                <HighLevelLetterName></HighLevelLetterName>
            </PrintDetailsSegment>
            <FilenetSegment>
                <FilenetHeaderList>
                    <FilenetHeader>StatementDate</FilenetHeader>
                    <FilenetHeader>ProviderID</FilenetHeader>
                    <FilenetHeader>AccountCode</FilenetHeader>
                    <FilenetHeader>BillingNPI</FilenetHeader>
                    <FilenetHeader>CheckNumber</FilenetHeader>
                    <FilenetHeader>CheckReferenceNumber</FilenetHeader>
                    <FilenetHeader>BankSerialNumber</FilenetHeader>
                    <FilenetHeader>DocumentType</FilenetHeader>
                    <FilenetHeader>ControlPlan</FilenetHeader>
                    <FilenetHeader>ProviderName</FilenetHeader>
                    <FilenetHeader>TaxID</FilenetHeader>
                    <FilenetHeader>TransportType</FilenetHeader>
                    <FilenetHeader>VoucherCode</FilenetHeader>
                    <FilenetHeader>ACHPayDate</FilenetHeader>
                    <FilenetHeader>GrandTotalCheckAmount</FilenetHeader>
                    <FilenetHeader>Department</FilenetHeader>
                    <FilenetHeader>Sub_Department</FilenetHeader>
                    <FilenetHeader>Unit</FilenetHeader>
                    <FilenetHeader>Process</FilenetHeader>
                    <FilenetHeader>Sub_Process</FilenetHeader>
                    <FilenetHeader>Activity</FilenetHeader>
                    <FilenetHeader>VIP_FEP</FilenetHeader>
                </FilenetHeaderList>
                <FilenetPropertyValueList>
                    <FilenetPropertyValue>01/10/2020</FilenetPropertyValue>
                    <FilenetPropertyValue>1073804712</FilenetPropertyValue>
                    <FilenetPropertyValue>27</FilenetPropertyValue>
                    <FilenetPropertyValue>1073804712</FilenetPropertyValue>
                    <FilenetPropertyValue>27</FilenetPropertyValue>
                    <FilenetPropertyValue>230005751</FilenetPropertyValue>
                    <FilenetPropertyValue>20200110190446678</FilenetPropertyValue>
                    <FilenetPropertyValue>FEP NOP</FilenetPropertyValue>
                    <FilenetPropertyValue>581</FilenetPropertyValue>
                    <FilenetPropertyValue>ENZO LEONE</FilenetPropertyValue>
                    <FilenetPropertyValue>273846421</FilenetPropertyValue>
                    <FilenetPropertyValue>Store Only</FilenetPropertyValue>
                    <FilenetPropertyValue>YJ</FilenetPropertyValue>
                    <FilenetPropertyValue>01/10/2020</FilenetPropertyValue>
                    <FilenetPropertyValue>100.38</FilenetPropertyValue>
                    <FilenetPropertyValue>Claims</FilenetPropertyValue>
                    <FilenetPropertyValue>Medical</FilenetPropertyValue>
                    <FilenetPropertyValue>FEP NOP</FilenetPropertyValue>
                    <FilenetPropertyValue>Manage Benefits and Claims</FilenetPropertyValue>
                    <FilenetPropertyValue>Claims</FilenetPropertyValue>
                    <FilenetPropertyValue>FEP NOP</FilenetPropertyValue>
                    <FilenetPropertyValue>NO</FilenetPropertyValue>
                </FilenetPropertyValueList>
            </FilenetSegment>
            <ProviderAddressDetails>
                <MailingProviderName>ENZO LEONE</MailingProviderName>
                <MailingAddLine1>1600 E GUDE DRIVE</MailingAddLine1>
                <MailingAddLine2>SUITE 200</MailingAddLine2>
                <MailingAddLine3></MailingAddLine3>
                <MailingAddCity>ROCKVILLE</MailingAddCity>
                <MailingAddState>MD</MailingAddState>
                <MailingAddZip>20850-9998</MailingAddZip>
                <MailingAddCountry></MailingAddCountry>
            </ProviderAddressDetails>
            <InquiriesDetails>
                <InquiresAddressContactName>MAILROOM ADMINISTRATOR</InquiresAddressContactName>
                <InquiresAddressLine1>PO BOX 14111</InquiresAddressLine1>
                <InquiresAddressLine2></InquiresAddressLine2>
                <InquiresAddressLine3></InquiresAddressLine3>
                <InquiresAddressLine4></InquiresAddressLine4>
                <InquiresAddressCity>LEXINGTON</InquiresAddressCity>
                <InquiresAddressState>KY</InquiresAddressState>
                <InquiresAddressZIP>40512-4111</InquiresAddressZIP>
                <InquiresAdminPhone1>(410) 581-3568    (800) 854-5256</InquiresAdminPhone1>
                <InquiresMailID>WWW.CAREFIRST.COM</InquiresMailID>
            </InquiriesDetails>
            <PaymentDetails>
                <PaymentDate>01-10-2020</PaymentDate>
                <ProviderNumber>1073804712</ProviderNumber>
                <ProviderTaxID>273846421</ProviderTaxID>
                <ProviderNPINumber>1073804712</ProviderNPINumber>
                <PayeeNumber>Y2900054</PayeeNumber>
                <CheckNumber>230005751</CheckNumber>
            </PaymentDetails>
            <Remarks>
                <RemarkArray>
                    <RemarkCode>R06</RemarkCode>
                    <RemarkDescription>PREFERRED PROVIDERS AGREE TO ACCEPT OUR ALLOWANCE AS PAYMENT IN FULL.  THEREFORE,  THE  MEMBER IS NOT RESPONSIBLE FOR THIS PORTION OF THE CHARGE.</RemarkDescription>
                </RemarkArray>
                <RemarkArray>
                    <RemarkCode>N32</RemarkCode>
                    <RemarkDescription>UNDER FEHB LAW (5 U.S.C. 8904(B)), WHEN SERVICES ARE PROVIDED BY A MEDICARE PARTICIPATING PROVIDER, WE ARE REQUIRED TO BASE OUR PAYMENT ON THE MEDICARE FEE SCHEDULE AMOUNT OR THE PROVIDER'S CHARGE, WHICHEVER IS LESS. THIS LAW APPLIES TO SERVICES PROVIDED TO FEDERAL RETIREES AND ANNUITANTS WHO ARE AGE 65 OR OLDER AND WHO ARE NOT ENROLLED IN MEDICARE PART B. YOU ARE NOT RESPONSIBLE FOR ANY AMOUNTS FOR COVERED SERVICES OVER THE MEDICARE FEE SCHEDULE AMOUNT. PLEASE SEE YOUR BLUE CROSS AND BLUE SHIELD SERVICE BENEFIT PLAN BROCHURE FOR MORE INFORMATION.</RemarkDescription>
                </RemarkArray>
            </Remarks>
            <ClaimArray>
                <HPXMaskType></HPXMaskType>
                <PatientFirstName>MICHAEL</PatientFirstName>
                <PatientMiddleName>J</PatientMiddleName>
                <PatientLastName>SMITH</PatientLastName>
                <SubscriberId>R08953145</SubscriberId>
                <PatientAccountNumber>875782-01</PatientAccountNumber>
                <PatientRNPI>1619317419</PatientRNPI>
                <ClaimLineArray>
                    <SubscriberGroupNum></SubscriberGroupNum>
                    <ClaimNumber>8242114755P</ClaimNumber>
                    <DRG></DRG>
                    <ServiceStartDate>09-17-18</ServiceStartDate>
                    <ServiceEndDate>09-17-18</ServiceEndDate>
                    <ServiceLineNumber>1</ServiceLineNumber>
                    <ProcedureCodeArray>
                        <ProcedureCode>11055</ProcedureCode>
                    </ProcedureCodeArray>
                    <ProcedureCodeModifierArray>
                        <ProcedureCodeModifier>Q9</ProcedureCodeModifier>
                    </ProcedureCodeModifierArray>
                    <ProviderChargeArray>
                        <ProviderCharge>112.00</ProviderCharge>
                    </ProviderChargeArray>
                    <OIPaidAmountArray>
                        <OIPaidAmount>0.00</OIPaidAmount>
                    </OIPaidAmountArray>
                    <AllowedChargeArray>
                        <AllowedCharge>41.69</AllowedCharge>
                    </AllowedChargeArray>
                    <NonAllowedChargeArray>
                        <NonAllowedCharge>70.31</NonAllowedCharge>
                    </NonAllowedChargeArray>
                    <DeductibleArray>
                        <Deductible>0.00</Deductible>
                    </DeductibleArray>
                    <CoPayArray>
                        <CoPay>6.25</CoPay>
                    </CoPayArray>
                    <ClaimLineRemarkCode>R06</ClaimLineRemarkCode>
                    <CFPaidAmountArray>
                        <CFPaidAmount>35.44</CFPaidAmount>
                    </CFPaidAmountArray>
                    <ProviderMemNoArray>
                        <ProviderMemNo>0054</ProviderMemNo>
                    </ProviderMemNoArray>
                    <PatientAmountArray>
                        <PatientAmount>6.25</PatientAmount>
                    </PatientAmountArray>
                    <PatientDaysArray>
                        <PatientDays></PatientDays>
                    </PatientDaysArray>
                </ClaimLineArray>
                <ClaimLineArray>
                    <SubscriberGroupNum></SubscriberGroupNum>
                    <ClaimNumber>8242114755P</ClaimNumber>
                    <DRG></DRG>
                    <ServiceStartDate>09-17-18</ServiceStartDate>
                    <ServiceEndDate>09-17-18</ServiceEndDate>
                    <ServiceLineNumber>2</ServiceLineNumber>
                    <ProcedureCodeArray>
                        <ProcedureCode>G0127</ProcedureCode>
                    </ProcedureCodeArray>
                    <ProcedureCodeModifierArray>
                        <ProcedureCodeModifier>Q9,59</ProcedureCodeModifier>
                    </ProcedureCodeModifierArray>
                    <ProviderChargeArray>
                        <ProviderCharge>54.00</ProviderCharge>
                    </ProviderChargeArray>
                    <OIPaidAmountArray>
                        <OIPaidAmount>0.00</OIPaidAmount>
                    </OIPaidAmountArray>
                    <AllowedChargeArray>
                        <AllowedCharge>20.07</AllowedCharge>
                    </AllowedChargeArray>
                    <NonAllowedChargeArray>
                        <NonAllowedCharge>33.93</NonAllowedCharge>
                    </NonAllowedChargeArray>
                    <DeductibleArray>
                        <Deductible>0.00</Deductible>
                    </DeductibleArray>
                    <CoPayArray>
                        <CoPay>3.01</CoPay>
                    </CoPayArray>
                    <ClaimLineRemarkCode>R06</ClaimLineRemarkCode>
                    <CFPaidAmountArray>
                        <CFPaidAmount>17.06</CFPaidAmount>
                    </CFPaidAmountArray>
                    <ProviderMemNoArray>
                        <ProviderMemNo>0054</ProviderMemNo>
                    </ProviderMemNoArray>
                    <PatientAmountArray>
                        <PatientAmount>3.01</PatientAmount>
                    </PatientAmountArray>
                    <PatientDaysArray>
                        <PatientDays></PatientDays>
                    </PatientDaysArray>
                </ClaimLineArray>
                <ClaimLineArray>
                    <SubscriberGroupNum></SubscriberGroupNum>
                    <ClaimNumber>8242114755P</ClaimNumber>
                    <DRG></DRG>
                    <ServiceStartDate>09-17-18</ServiceStartDate>
                    <ServiceEndDate>09-17-18</ServiceEndDate>
                    <ServiceLineNumber>3</ServiceLineNumber>
                    <ProcedureCodeArray>
                        <ProcedureCode>11720</ProcedureCode>
                    </ProcedureCodeArray>
                    <ProcedureCodeModifierArray>
                        <ProcedureCodeModifier>Q9,59</ProcedureCodeModifier>
                    </ProcedureCodeModifierArray>
                    <ProviderChargeArray>
                        <ProviderCharge>75.00</ProviderCharge>
                    </ProviderChargeArray>
                    <OIPaidAmountArray>
                        <OIPaidAmount>0.00</OIPaidAmount>
                    </OIPaidAmountArray>
                    <AllowedChargeArray>
                        <AllowedCharge>38.97</AllowedCharge>
                    </AllowedChargeArray>
                    <NonAllowedChargeArray>
                        <NonAllowedCharge>36.03</NonAllowedCharge>
                    </NonAllowedChargeArray>
                    <DeductibleArray>
                        <Deductible>0.00</Deductible>
                    </DeductibleArray>
                    <CoPayArray>
                        <CoPay>5.84</CoPay>
                    </CoPayArray>
                    <ClaimLineRemarkCode>N32</ClaimLineRemarkCode>
                    <CFPaidAmountArray>
                        <CFPaidAmount>33.13</CFPaidAmount>
                    </CFPaidAmountArray>
                    <ProviderMemNoArray>
                        <ProviderMemNo>0054</ProviderMemNo>
                    </ProviderMemNoArray>
                    <PatientAmountArray>
                        <PatientAmount>5.84</PatientAmount>
                    </PatientAmountArray>
                    <PatientDaysArray>
                        <PatientDays></PatientDays>
                    </PatientDaysArray>
                </ClaimLineArray>
                <ClaimTotalsArray>
                    <Interest></Interest>
                    <TotalProviderCharge>241.00</TotalProviderCharge>
                    <TotalOIPaidAmount>0.00</TotalOIPaidAmount>
                    <TotalAllowedCharge>100.73</TotalAllowedCharge>
                    <TotalNonAllowedCharges>140.27</TotalNonAllowedCharges>
                    <TotalDeductible>0.00</TotalDeductible>
                    <TotalCopayCoins>15.10</TotalCopayCoins>
                    <TotalCFPaidAmount>85.63</TotalCFPaidAmount>
                    <AdjustmentPriorAmountPaid>35.44</AdjustmentPriorAmountPaid>
                    <AdjustmentNetDifference>50.19</AdjustmentNetDifference>
                    <AdjustmentPriorClaimNumber>8242114755P-875782-01</AdjustmentPriorClaimNumber>
                    <TotalPatientAmount>15.10</TotalPatientAmount>
                    <TotalPatientDays></TotalPatientDays>
                    <ClaimRemarkCode></ClaimRemarkCode>
                </ClaimTotalsArray>
            </ClaimArray>
            <ClaimArray>
                <HPXMaskType></HPXMaskType>
                <PatientFirstName>JAMES</PatientFirstName>
                <PatientMiddleName>T</PatientMiddleName>
                <PatientLastName>SULLIVAN</PatientLastName>
                <SubscriberId>R50986154</SubscriberId>
                <PatientAccountNumber>743779-02</PatientAccountNumber>
                <PatientRNPI>1801894241</PatientRNPI>
                <ClaimLineArray>
                    <SubscriberGroupNum></SubscriberGroupNum>
                    <ClaimNumber>82411S6532P</ClaimNumber>
                    <DRG></DRG>
                    <ServiceStartDate>03-19-18</ServiceStartDate>
                    <ServiceEndDate>03-19-18</ServiceEndDate>
                    <ServiceLineNumber>1</ServiceLineNumber>
                    <ProcedureCodeArray>
                        <ProcedureCode>11056</ProcedureCode>
                    </ProcedureCodeArray>
                    <ProcedureCodeModifierArray>
                        <ProcedureCodeModifier>Q8</ProcedureCodeModifier>
                    </ProcedureCodeModifierArray>
                    <ProviderChargeArray>
                        <ProviderCharge>136.00</ProviderCharge>
                    </ProviderChargeArray>
                    <OIPaidAmountArray>
                        <OIPaidAmount>0.00</OIPaidAmount>
                    </OIPaidAmountArray>
                    <AllowedChargeArray>
                        <AllowedCharge>50.65</AllowedCharge>
                    </AllowedChargeArray>
                    <NonAllowedChargeArray>
                        <NonAllowedCharge>85.35</NonAllowedCharge>
                    </NonAllowedChargeArray>
                    <DeductibleArray>
                        <Deductible>50.65</Deductible>
                    </DeductibleArray>
                    <CoPayArray>
                        <CoPay>0.00</CoPay>
                    </CoPayArray>
                    <ClaimLineRemarkCode>R06</ClaimLineRemarkCode>
                    <CFPaidAmountArray>
                        <CFPaidAmount>0.00</CFPaidAmount>
                    </CFPaidAmountArray>
                    <ProviderMemNoArray>
                        <ProviderMemNo>0010</ProviderMemNo>
                    </ProviderMemNoArray>
                    <PatientAmountArray>
                        <PatientAmount>50.65</PatientAmount>
                    </PatientAmountArray>
                    <PatientDaysArray>
                        <PatientDays></PatientDays>
                    </PatientDaysArray>
                </ClaimLineArray>
                <ClaimLineArray>
                    <SubscriberGroupNum></SubscriberGroupNum>
                    <ClaimNumber>82411S6532P</ClaimNumber>
                    <DRG></DRG>
                    <ServiceStartDate>03-19-18</ServiceStartDate>
                    <ServiceEndDate>03-19-18</ServiceEndDate>
                    <ServiceLineNumber>2</ServiceLineNumber>
                    <ProcedureCodeArray>
                        <ProcedureCode>G0127</ProcedureCode>
                    </ProcedureCodeArray>
                    <ProcedureCodeModifierArray>
                        <ProcedureCodeModifier>Q8,59</ProcedureCodeModifier>
                    </ProcedureCodeModifierArray>
                    <ProviderChargeArray>
                        <ProviderCharge>54.00</ProviderCharge>
                    </ProviderChargeArray>
                    <OIPaidAmountArray>
                        <OIPaidAmount>0.00</OIPaidAmount>
                    </OIPaidAmountArray>
                    <AllowedChargeArray>
                        <AllowedCharge>20.07</AllowedCharge>
                    </AllowedChargeArray>
                    <NonAllowedChargeArray>
                        <NonAllowedCharge>33.93</NonAllowedCharge>
                    </NonAllowedChargeArray>
                    <DeductibleArray>
                        <Deductible>0.00</Deductible>
                    </DeductibleArray>
                    <CoPayArray>
                        <CoPay>3.01</CoPay>
                    </CoPayArray>
                    <ClaimLineRemarkCode>R06</ClaimLineRemarkCode>
                    <CFPaidAmountArray>
                        <CFPaidAmount>17.06</CFPaidAmount>
                    </CFPaidAmountArray>
                    <ProviderMemNoArray>
                        <ProviderMemNo>0010</ProviderMemNo>
                    </ProviderMemNoArray>
                    <PatientAmountArray>
                        <PatientAmount>3.01</PatientAmount>
                    </PatientAmountArray>
                    <PatientDaysArray>
                        <PatientDays></PatientDays>
                    </PatientDaysArray>
                </ClaimLineArray>
                <ClaimLineArray>
                    <SubscriberGroupNum></SubscriberGroupNum>
                    <ClaimNumber>82411S6532P</ClaimNumber>
                    <DRG></DRG>
                    <ServiceStartDate>03-19-18</ServiceStartDate>
                    <ServiceEndDate>03-19-18</ServiceEndDate>
                    <ServiceLineNumber>3</ServiceLineNumber>
                    <ProcedureCodeArray>
                        <ProcedureCode>11720</ProcedureCode>
                    </ProcedureCodeArray>
                    <ProcedureCodeModifierArray>
                        <ProcedureCodeModifier>Q8,59</ProcedureCodeModifier>
                    </ProcedureCodeModifierArray>
                    <ProviderChargeArray>
                        <ProviderCharge>75.00</ProviderCharge>
                    </ProviderChargeArray>
                    <OIPaidAmountArray>
                        <OIPaidAmount>0.00</OIPaidAmount>
                    </OIPaidAmountArray>
                    <AllowedChargeArray>
                        <AllowedCharge>38.97</AllowedCharge>
                    </AllowedChargeArray>
                    <NonAllowedChargeArray>
                        <NonAllowedCharge>36.03</NonAllowedCharge>
                    </NonAllowedChargeArray>
                    <DeductibleArray>
                        <Deductible>0.00</Deductible>
                    </DeductibleArray>
                    <CoPayArray>
                        <CoPay>5.84</CoPay>
                    </CoPayArray>
                    <ClaimLineRemarkCode>N32</ClaimLineRemarkCode>
                    <CFPaidAmountArray>
                        <CFPaidAmount>33.13</CFPaidAmount>
                    </CFPaidAmountArray>
                    <ProviderMemNoArray>
                        <ProviderMemNo>0010</ProviderMemNo>
                    </ProviderMemNoArray>
                    <PatientAmountArray>
                        <PatientAmount>5.84</PatientAmount>
                    </PatientAmountArray>
                    <PatientDaysArray>
                        <PatientDays></PatientDays>
                    </PatientDaysArray>
                </ClaimLineArray>
                <ClaimLineArray>
                    <SubscriberGroupNum></SubscriberGroupNum>
                    <ClaimNumber>82411S6532P</ClaimNumber>
                    <DRG></DRG>
                    <ServiceStartDate>03-19-18</ServiceStartDate>
                    <ServiceEndDate>03-19-18</ServiceEndDate>
                    <ServiceLineNumber>4</ServiceLineNumber>
                    <ProcedureCodeArray>
                        <ProcedureCode>99213</ProcedureCode>
                    </ProcedureCodeArray>
                    <ProcedureCodeModifierArray>
                        <ProcedureCodeModifier>25</ProcedureCodeModifier>
                    </ProcedureCodeModifierArray>
                    <ProviderChargeArray>
                        <ProviderCharge>168.00</ProviderCharge>
                    </ProviderChargeArray>
                    <OIPaidAmountArray>
                        <OIPaidAmount>0.00</OIPaidAmount>
                    </OIPaidAmountArray>
                    <AllowedChargeArray>
                        <AllowedCharge>83.92</AllowedCharge>
                    </AllowedChargeArray>
                    <NonAllowedChargeArray>
                        <NonAllowedCharge>84.08</NonAllowedCharge>
                    </NonAllowedChargeArray>
                    <DeductibleArray>
                        <Deductible>0.00</Deductible>
                    </DeductibleArray>
                    <CoPayArray>
                        <CoPay>35.00</CoPay>
                    </CoPayArray>
                    <ClaimLineRemarkCode>N32</ClaimLineRemarkCode>
                    <CFPaidAmountArray>
                        <CFPaidAmount>48.92</CFPaidAmount>
                    </CFPaidAmountArray>
                    <ProviderMemNoArray>
                        <ProviderMemNo>0010</ProviderMemNo>
                    </ProviderMemNoArray>
                    <PatientAmountArray>
                        <PatientAmount>35.00</PatientAmount>
                    </PatientAmountArray>
                    <PatientDaysArray>
                        <PatientDays></PatientDays>
                    </PatientDaysArray>
                </ClaimLineArray>
                <ClaimTotalsArray>
                    <Interest></Interest>
                    <TotalProviderCharge>433.00</TotalProviderCharge>
                    <TotalOIPaidAmount>0.00</TotalOIPaidAmount>
                    <TotalAllowedCharge>193.61</TotalAllowedCharge>
                    <TotalNonAllowedCharges>239.39</TotalNonAllowedCharges>
                    <TotalDeductible>50.65</TotalDeductible>
                    <TotalCopayCoins>43.85</TotalCopayCoins>
                    <TotalCFPaidAmount>99.11</TotalCFPaidAmount>
                    <AdjustmentPriorAmountPaid>48.92</AdjustmentPriorAmountPaid>
                    <AdjustmentNetDifference>50.19</AdjustmentNetDifference>
                    <AdjustmentPriorClaimNumber>82411S6532P-743779-02</AdjustmentPriorClaimNumber>
                    <TotalPatientAmount>94.50</TotalPatientAmount>
                    <TotalPatientDays></TotalPatientDays>
                    <ClaimRemarkCode></ClaimRemarkCode>
                </ClaimTotalsArray>
            </ClaimArray>
            <NOP_RemitSummaryArray>
                <GrandTotalAmountPaid>100.38</GrandTotalAmountPaid>
                <GrandTotalAutoRecoveryAmount>0.00</GrandTotalAutoRecoveryAmount>
                <GrandTotalCheckAmount>100.38</GrandTotalCheckAmount>
                <GrandRecoveryRemark></GrandRecoveryRemark>
                <PrintRecoveryTable>NO</PrintRecoveryTable>
                <GrandTotalCheckReducedAmount>0.00</GrandTotalCheckReducedAmount>
                <GrandEFTRemark></GrandEFTRemark>
                <ElectronicFundTransfer>YES</ElectronicFundTransfer>
            </NOP_RemitSummaryArray>
        </NOP_RemitDetails>
    </Mailset>
    <Mailset>
        <FinanceCheckRecordArray>
            <PayeeIDNumber>1558384727</PayeeIDNumber>
            <PayeeName>NARESH GUPTA</PayeeName>
            <CheckAmount>118.72</CheckAmount>
            <VoucherCode>YJ</VoucherCode>
            <IssueDate>01/10/2020</IssueDate>
            <TaxIDNumber></TaxIDNumber>
            <Type></Type>
            <InternalCHKNumber>230005752</InternalCHKNumber>
            <StateCode>MD</StateCode>
            <FEPSPLIT1HO>+0000000.00</FEPSPLIT1HO>
            <FEPSPLIT2SO>+0000000.00</FEPSPLIT2SO>
            <FEPSPLIT3BO>+0000118.72</FEPSPLIT3BO>
            <FEPSPLIT4HMO>+0000000.00</FEPSPLIT4HMO>
            <FEPSPLIT5SS>+0000000.00</FEPSPLIT5SS>
            <FEPSPLIT6BF>+0000000.00</FEPSPLIT6BF>
            <PayeeAddress1>7474 GREENWAY CENTER DR</PayeeAddress1>
            <PayeeAddress2>STE 100</PayeeAddress2>
            <PayeeAddress3></PayeeAddress3>
            <PayeeCity>GREENBELT</PayeeCity>
            <PayeeState>MD</PayeeState>
            <PayeeZip>207703567</PayeeZip>
            <PayeeAlternateID>K804</PayeeAlternateID>
            <MBRNumber>0000</MBRNumber>
        </FinanceCheckRecordArray>
        <NOP_RemitDetails>
            <TransactionID>FEPNOP58101108454100004</TransactionID>
            <Jurisdiction>MD</Jurisdiction>
            <OutputFormat>PDF</OutputFormat>
            <Application>NOP</Application>
            <HPXPrintInd>S</HPXPrintInd>
            <FileNetMaskFlag>NO</FileNetMaskFlag>
            <HPXArchiveMessage>Printing suppressed due to payment via EFT.</HPXArchiveMessage>
            <MedicalOrDental>Medical</MedicalOrDental>
            <StatementDate>01-10-2020</StatementDate>
            <VoucherSrcSysCdeArray>
                <VoucherCode>YJ</VoucherCode>
                <ClaimSrcSysCde></ClaimSrcSysCde>
            </VoucherSrcSysCdeArray>
            <GenerateCheck>NO</GenerateCheck>
            <CheckSummaryDetails>
                <SummaryPageArray>
                    <MailingAddFirstName>NARESH GUPTA</MailingAddFirstName>
                    <MailingAddLastName></MailingAddLastName>
                    <ChkMailingAddLine1>7474 GREENWAY CENTER DR</ChkMailingAddLine1>
                    <ChkMailingAddLine2>STE 100</ChkMailingAddLine2>
                    <ChkMailingAddLine3></ChkMailingAddLine3>
                    <ChkMailingAddCity>GREENBELT</ChkMailingAddCity>
                    <ChkMailingAddState>MD</ChkMailingAddState>
                    <ChkMailingAddZip>20770-3567</ChkMailingAddZip>
                    <ChkMailingAddCountry></ChkMailingAddCountry>
                    <CheckDate>01/10/2020</CheckDate>
                    <CheckAmountSummary>118.72</CheckAmountSummary>
                </SummaryPageArray>
                <CheckArray>
                    <FEPCheckNBR>230005752</FEPCheckNBR>
                    <CheckWriterCheckNBR></CheckWriterCheckNBR>
                    <CheckDateMM></CheckDateMM>
                    <CheckDateDD></CheckDateDD>
                    <CheckDateYY></CheckDateYY>
                    <FractionalNumberTop></FractionalNumberTop>
                    <FractionalNumberBottom></FractionalNumberBottom>
                    <CheckPayeeName></CheckPayeeName>
                    <CheckPayeeType></CheckPayeeType>
                    <CheckPayeeNBR></CheckPayeeNBR>
                    <CheckAmountActual></CheckAmountActual>
                    <CheckAmountScript></CheckAmountScript>
                    <CheckNotValid></CheckNotValid>
                    <CheckSignature1></CheckSignature1>
                    <CheckSignature2></CheckSignature2>
                    <BankRoutingNo></BankRoutingNo>
                    <BankAccountNo></BankAccountNo>
                    <BankCheckNo></BankCheckNo>
                </CheckArray>
            </CheckSummaryDetails>
            <PrintDetailsSegment>
                <CostCenter></CostCenter>
                <ImageCostCenter></ImageCostCenter>
                <PostageCostCenter></PostageCostCenter>
                <PrintType></PrintType>
                <PaperSize></PaperSize>
                <MailEnvelope></MailEnvelope>
                <BRE></BRE>
                <Insert></Insert>
                <ImportantTaxInfoField></ImportantTaxInfoField>
                <PrintCarrier></PrintCarrier>
                <Salutation></Salutation>
                <Orientation></Orientation>
                <FiservQueue></FiservQueue>
                <SLA></SLA>
                <UserField1></UserField1>
                <ForeignAddress></ForeignAddress>
                <ParentWO></ParentWO>
                <HighLevelLetterName></HighLevelLetterName>
            </PrintDetailsSegment>
            <FilenetSegment>
                <FilenetHeaderList>
                    <FilenetHeader>StatementDate</FilenetHeader>
                    <FilenetHeader>ProviderID</FilenetHeader>
                    <FilenetHeader>AccountCode</FilenetHeader>
                    <FilenetHeader>BillingNPI</FilenetHeader>
                    <FilenetHeader>CheckNumber</FilenetHeader>
                    <FilenetHeader>CheckReferenceNumber</FilenetHeader>
                    <FilenetHeader>BankSerialNumber</FilenetHeader>
                    <FilenetHeader>DocumentType</FilenetHeader>
                    <FilenetHeader>ControlPlan</FilenetHeader>
                    <FilenetHeader>ProviderName</FilenetHeader>
                    <FilenetHeader>TaxID</FilenetHeader>
                    <FilenetHeader>TransportType</FilenetHeader>
                    <FilenetHeader>VoucherCode</FilenetHeader>
                    <FilenetHeader>ACHPayDate</FilenetHeader>
                    <FilenetHeader>GrandTotalCheckAmount</FilenetHeader>
                    <FilenetHeader>Department</FilenetHeader>
                    <FilenetHeader>Sub_Department</FilenetHeader>
                    <FilenetHeader>Unit</FilenetHeader>
                    <FilenetHeader>Process</FilenetHeader>
                    <FilenetHeader>Sub_Process</FilenetHeader>
                    <FilenetHeader>Activity</FilenetHeader>
                    <FilenetHeader>VIP_FEP</FilenetHeader>
                </FilenetHeaderList>
                <FilenetPropertyValueList>
                    <FilenetPropertyValue>01/10/2020</FilenetPropertyValue>
                    <FilenetPropertyValue>1558384727</FilenetPropertyValue>
                    <FilenetPropertyValue>27</FilenetPropertyValue>
                    <FilenetPropertyValue>1558384727</FilenetPropertyValue>
                    <FilenetPropertyValue>27</FilenetPropertyValue>
                    <FilenetPropertyValue>230005752</FilenetPropertyValue>
                    <FilenetPropertyValue>20200110190448538</FilenetPropertyValue>
                    <FilenetPropertyValue>FEP NOP</FilenetPropertyValue>
                    <FilenetPropertyValue>581</FilenetPropertyValue>
                    <FilenetPropertyValue>NARESH GUPTA</FilenetPropertyValue>
                    <FilenetPropertyValue>200650264</FilenetPropertyValue>
                    <FilenetPropertyValue>Store Only</FilenetPropertyValue>
                    <FilenetPropertyValue>YJ</FilenetPropertyValue>
                    <FilenetPropertyValue>01/10/2020</FilenetPropertyValue>
                    <FilenetPropertyValue>118.72</FilenetPropertyValue>
                    <FilenetPropertyValue>Claims</FilenetPropertyValue>
                    <FilenetPropertyValue>Medical</FilenetPropertyValue>
                    <FilenetPropertyValue>FEP NOP</FilenetPropertyValue>
                    <FilenetPropertyValue>Manage Benefits and Claims</FilenetPropertyValue>
                    <FilenetPropertyValue>Claims</FilenetPropertyValue>
                    <FilenetPropertyValue>FEP NOP</FilenetPropertyValue>
                    <FilenetPropertyValue>NO</FilenetPropertyValue>
                </FilenetPropertyValueList>
            </FilenetSegment>
            <ProviderAddressDetails>
                <MailingProviderName>NARESH GUPTA</MailingProviderName>
                <MailingAddLine1>7474 GREENWAY CENTER DR</MailingAddLine1>
                <MailingAddLine2>STE 100</MailingAddLine2>
                <MailingAddLine3></MailingAddLine3>
                <MailingAddCity>GREENBELT</MailingAddCity>
                <MailingAddState>MD</MailingAddState>
                <MailingAddZip>20770-3567</MailingAddZip>
                <MailingAddCountry></MailingAddCountry>
            </ProviderAddressDetails>
            <InquiriesDetails>
                <InquiresAddressContactName>MAILROOM ADMINISTRATOR</InquiresAddressContactName>
                <InquiresAddressLine1>PO BOX 14111</InquiresAddressLine1>
                <InquiresAddressLine2></InquiresAddressLine2>
                <InquiresAddressLine3></InquiresAddressLine3>
                <InquiresAddressLine4></InquiresAddressLine4>
                <InquiresAddressCity>LEXINGTON</InquiresAddressCity>
                <InquiresAddressState>KY</InquiresAddressState>
                <InquiresAddressZIP>40512-4111</InquiresAddressZIP>
                <InquiresAdminPhone1>(410) 581-3568    (800) 854-5256</InquiresAdminPhone1>
                <InquiresMailID>WWW.CAREFIRST.COM</InquiresMailID>
            </InquiriesDetails>
            <PaymentDetails>
                <PaymentDate>01-10-2020</PaymentDate>
                <ProviderNumber>1558384727</ProviderNumber>
                <ProviderTaxID>200650264</ProviderTaxID>
                <ProviderNPINumber>1558384727</ProviderNPINumber>
                <PayeeNumber>K8040008</PayeeNumber>
                <CheckNumber>230005752</CheckNumber>
            </PaymentDetails>
            <Remarks>
                <RemarkArray>
                    <RemarkCode>R06</RemarkCode>
                    <RemarkDescription>PREFERRED PROVIDERS AGREE TO ACCEPT OUR ALLOWANCE AS PAYMENT IN FULL.  THEREFORE,  THE  MEMBER IS NOT RESPONSIBLE FOR THIS PORTION OF THE CHARGE.</RemarkDescription>
                </RemarkArray>
            </Remarks>
            <ClaimArray>
                <HPXMaskType></HPXMaskType>
                <PatientFirstName>HERBERT</PatientFirstName>
                <PatientMiddleName></PatientMiddleName>
                <PatientLastName>HODGEMAN</PatientLastName>
                <SubscriberId>R59062185</SubscriberId>
                <PatientAccountNumber>2 24482 CARE</PatientAccountNumber>
                <PatientRNPI>1518914936</PatientRNPI>
                <ClaimLineArray>
                    <SubscriberGroupNum></SubscriberGroupNum>
                    <ClaimNumber>70025K1778P</ClaimNumber>
                    <DRG></DRG>
                    <ServiceStartDate>11-09-16</ServiceStartDate>
                    <ServiceEndDate>11-09-16</ServiceEndDate>
                    <ServiceLineNumber>1</ServiceLineNumber>
                    <ProcedureCodeArray>
                        <ProcedureCode>78492</ProcedureCode>
                    </ProcedureCodeArray>
                    <ProcedureCodeModifierArray>
                        <ProcedureCodeModifier></ProcedureCodeModifier>
                    </ProcedureCodeModifierArray>
                    <ProviderChargeArray>
                        <ProviderCharge>3500.00</ProviderCharge>
                    </ProviderChargeArray>
                    <OIPaidAmountArray>
                        <OIPaidAmount>0.00</OIPaidAmount>
                    </OIPaidAmountArray>
                    <AllowedChargeArray>
                        <AllowedCharge>1068.73</AllowedCharge>
                    </AllowedChargeArray>
                    <NonAllowedChargeArray>
                        <NonAllowedCharge>2431.27</NonAllowedCharge>
                    </NonAllowedChargeArray>
                    <DeductibleArray>
                        <Deductible>0.00</Deductible>
                    </DeductibleArray>
                    <CoPayArray>
                        <CoPay>100.00</CoPay>
                    </CoPayArray>
                    <ClaimLineRemarkCode>R06</ClaimLineRemarkCode>
                    <CFPaidAmountArray>
                        <CFPaidAmount>968.73</CFPaidAmount>
                    </CFPaidAmountArray>
                    <ProviderMemNoArray>
                        <ProviderMemNo>0008</ProviderMemNo>
                    </ProviderMemNoArray>
                    <PatientAmountArray>
                        <PatientAmount>100.00</PatientAmount>
                    </PatientAmountArray>
                    <PatientDaysArray>
                        <PatientDays></PatientDays>
                    </PatientDaysArray>
                </ClaimLineArray>
                <ClaimLineArray>
                    <SubscriberGroupNum></SubscriberGroupNum>
                    <ClaimNumber>70025K1778P</ClaimNumber>
                    <DRG></DRG>
                    <ServiceStartDate>11-09-16</ServiceStartDate>
                    <ServiceEndDate>11-09-16</ServiceEndDate>
                    <ServiceLineNumber>2</ServiceLineNumber>
                    <ProcedureCodeArray>
                        <ProcedureCode>93015</ProcedureCode>
                    </ProcedureCodeArray>
                    <ProcedureCodeModifierArray>
                        <ProcedureCodeModifier></ProcedureCodeModifier>
                    </ProcedureCodeModifierArray>
                    <ProviderChargeArray>
                        <ProviderCharge>300.00</ProviderCharge>
                    </ProviderChargeArray>
                    <OIPaidAmountArray>
                        <OIPaidAmount>0.00</OIPaidAmount>
                    </OIPaidAmountArray>
                    <AllowedChargeArray>
                        <AllowedCharge>114.26</AllowedCharge>
                    </AllowedChargeArray>
                    <NonAllowedChargeArray>
                        <NonAllowedCharge>185.74</NonAllowedCharge>
                    </NonAllowedChargeArray>
                    <DeductibleArray>
                        <Deductible>0.00</Deductible>
                    </DeductibleArray>
                    <CoPayArray>
                        <CoPay>0.00</CoPay>
                    </CoPayArray>
                    <ClaimLineRemarkCode>R06</ClaimLineRemarkCode>
                    <CFPaidAmountArray>
                        <CFPaidAmount>114.26</CFPaidAmount>
                    </CFPaidAmountArray>
                    <ProviderMemNoArray>
                        <ProviderMemNo>0008</ProviderMemNo>
                    </ProviderMemNoArray>
                    <PatientAmountArray>
                        <PatientAmount>0.00</PatientAmount>
                    </PatientAmountArray>
                    <PatientDaysArray>
                        <PatientDays></PatientDays>
                    </PatientDaysArray>
                </ClaimLineArray>
                <ClaimLineArray>
                    <SubscriberGroupNum></SubscriberGroupNum>
                    <ClaimNumber>70025K1778P</ClaimNumber>
                    <DRG></DRG>
                    <ServiceStartDate>11-09-16</ServiceStartDate>
                    <ServiceEndDate>11-09-16</ServiceEndDate>
                    <ServiceLineNumber>3</ServiceLineNumber>
                    <ProcedureCodeArray>
                        <ProcedureCode>A9555</ProcedureCode>
                    </ProcedureCodeArray>
                    <ProcedureCodeModifierArray>
                        <ProcedureCodeModifier></ProcedureCodeModifier>
                    </ProcedureCodeModifierArray>
                    <ProviderChargeArray>
                        <ProviderCharge>1200.00</ProviderCharge>
                    </ProviderChargeArray>
                    <OIPaidAmountArray>
                        <OIPaidAmount>0.00</OIPaidAmount>
                    </OIPaidAmountArray>
                    <AllowedChargeArray>
                        <AllowedCharge>731.00</AllowedCharge>
                    </AllowedChargeArray>
                    <NonAllowedChargeArray>
                        <NonAllowedCharge>469.00</NonAllowedCharge>
                    </NonAllowedChargeArray>
                    <DeductibleArray>
                        <Deductible>0.00</Deductible>
                    </DeductibleArray>
                    <CoPayArray>
                        <CoPay>219.30</CoPay>
                    </CoPayArray>
                    <ClaimLineRemarkCode>R06</ClaimLineRemarkCode>
                    <CFPaidAmountArray>
                        <CFPaidAmount>511.70</CFPaidAmount>
                    </CFPaidAmountArray>
                    <ProviderMemNoArray>
                        <ProviderMemNo>0008</ProviderMemNo>
                    </ProviderMemNoArray>
                    <PatientAmountArray>
                        <PatientAmount>219.30</PatientAmount>
                    </PatientAmountArray>
                    <PatientDaysArray>
                        <PatientDays></PatientDays>
                    </PatientDaysArray>
                </ClaimLineArray>
                <ClaimLineArray>
                    <SubscriberGroupNum></SubscriberGroupNum>
                    <ClaimNumber>70025K1778P</ClaimNumber>
                    <DRG></DRG>
                    <ServiceStartDate>11-09-16</ServiceStartDate>
                    <ServiceEndDate>11-09-16</ServiceEndDate>
                    <ServiceLineNumber>4</ServiceLineNumber>
                    <ProcedureCodeArray>
                        <ProcedureCode>J1245</ProcedureCode>
                    </ProcedureCodeArray>
                    <ProcedureCodeModifierArray>
                        <ProcedureCodeModifier></ProcedureCodeModifier>
                    </ProcedureCodeModifierArray>
                    <ProviderChargeArray>
                        <ProviderCharge>400.00</ProviderCharge>
                    </ProviderChargeArray>
                    <OIPaidAmountArray>
                        <OIPaidAmount>0.00</OIPaidAmount>
                    </OIPaidAmountArray>
                    <AllowedChargeArray>
                        <AllowedCharge>4.15</AllowedCharge>
                    </AllowedChargeArray>
                    <NonAllowedChargeArray>
                        <NonAllowedCharge>395.85</NonAllowedCharge>
                    </NonAllowedChargeArray>
                    <DeductibleArray>
                        <Deductible>0.00</Deductible>
                    </DeductibleArray>
                    <CoPayArray>
                        <CoPay>1.24</CoPay>
                    </CoPayArray>
                    <ClaimLineRemarkCode>R06</ClaimLineRemarkCode>
                    <CFPaidAmountArray>
                        <CFPaidAmount>2.91</CFPaidAmount>
                    </CFPaidAmountArray>
                    <ProviderMemNoArray>
                        <ProviderMemNo>0008</ProviderMemNo>
                    </ProviderMemNoArray>
                    <PatientAmountArray>
                        <PatientAmount>1.24</PatientAmount>
                    </PatientAmountArray>
                    <PatientDaysArray>
                        <PatientDays></PatientDays>
                    </PatientDaysArray>
                </ClaimLineArray>
                <ClaimLineArray>
                    <SubscriberGroupNum></SubscriberGroupNum>
                    <ClaimNumber>70025K1778P</ClaimNumber>
                    <DRG></DRG>
                    <ServiceStartDate>11-09-16</ServiceStartDate>
                    <ServiceEndDate>11-09-16</ServiceEndDate>
                    <ServiceLineNumber>5</ServiceLineNumber>
                    <ProcedureCodeArray>
                        <ProcedureCode>78459</ProcedureCode>
                    </ProcedureCodeArray>
                    <ProcedureCodeModifierArray>
                        <ProcedureCodeModifier></ProcedureCodeModifier>
                    </ProcedureCodeModifierArray>
                    <ProviderChargeArray>
                        <ProviderCharge>3500.00</ProviderCharge>
                    </ProviderChargeArray>
                    <OIPaidAmountArray>
                        <OIPaidAmount>0.00</OIPaidAmount>
                    </OIPaidAmountArray>
                    <AllowedChargeArray>
                        <AllowedCharge>1625.10</AllowedCharge>
                    </AllowedChargeArray>
                    <NonAllowedChargeArray>
                        <NonAllowedCharge>1874.90</NonAllowedCharge>
                    </NonAllowedChargeArray>
                    <DeductibleArray>
                        <Deductible>0.00</Deductible>
                    </DeductibleArray>
                    <CoPayArray>
                        <CoPay>0.00</CoPay>
                    </CoPayArray>
                    <ClaimLineRemarkCode>R06</ClaimLineRemarkCode>
                    <CFPaidAmountArray>
                        <CFPaidAmount>1625.10</CFPaidAmount>
                    </CFPaidAmountArray>
                    <ProviderMemNoArray>
                        <ProviderMemNo>0008</ProviderMemNo>
                    </ProviderMemNoArray>
                    <PatientAmountArray>
                        <PatientAmount>0.00</PatientAmount>
                    </PatientAmountArray>
                    <PatientDaysArray>
                        <PatientDays></PatientDays>
                    </PatientDaysArray>
                </ClaimLineArray>
                <ClaimLineArray>
                    <SubscriberGroupNum></SubscriberGroupNum>
                    <ClaimNumber>70025K1778P</ClaimNumber>
                    <DRG></DRG>
                    <ServiceStartDate>11-09-16</ServiceStartDate>
                    <ServiceEndDate>11-09-16</ServiceEndDate>
                    <ServiceLineNumber>6</ServiceLineNumber>
                    <ProcedureCodeArray>
                        <ProcedureCode>A9552</ProcedureCode>
                    </ProcedureCodeArray>
                    <ProcedureCodeModifierArray>
                        <ProcedureCodeModifier></ProcedureCodeModifier>
                    </ProcedureCodeModifierArray>
                    <ProviderChargeArray>
                        <ProviderCharge>450.00</ProviderCharge>
                    </ProviderChargeArray>
                    <OIPaidAmountArray>
                        <OIPaidAmount>0.00</OIPaidAmount>
                    </OIPaidAmountArray>
                    <AllowedChargeArray>
                        <AllowedCharge>169.60</AllowedCharge>
                    </AllowedChargeArray>
                    <NonAllowedChargeArray>
                        <NonAllowedCharge>280.40</NonAllowedCharge>
                    </NonAllowedChargeArray>
                    <DeductibleArray>
                        <Deductible>0.00</Deductible>
                    </DeductibleArray>
                    <CoPayArray>
                        <CoPay>50.88</CoPay>
                    </CoPayArray>
                    <ClaimLineRemarkCode>R06</ClaimLineRemarkCode>
                    <CFPaidAmountArray>
                        <CFPaidAmount>118.72</CFPaidAmount>
                    </CFPaidAmountArray>
                    <ProviderMemNoArray>
                        <ProviderMemNo>0008</ProviderMemNo>
                    </ProviderMemNoArray>
                    <PatientAmountArray>
                        <PatientAmount>50.88</PatientAmount>
                    </PatientAmountArray>
                    <PatientDaysArray>
                        <PatientDays></PatientDays>
                    </PatientDaysArray>
                </ClaimLineArray>
                <ClaimTotalsArray>
                    <Interest></Interest>
                    <TotalProviderCharge>9350.00</TotalProviderCharge>
                    <TotalOIPaidAmount>0.00</TotalOIPaidAmount>
                    <TotalAllowedCharge>3712.84</TotalAllowedCharge>
                    <TotalNonAllowedCharges>5637.16</TotalNonAllowedCharges>
                    <TotalDeductible>0.00</TotalDeductible>
                    <TotalCopayCoins>371.42</TotalCopayCoins>
                    <TotalCFPaidAmount>3341.42</TotalCFPaidAmount>
                    <AdjustmentPriorAmountPaid>3222.70</AdjustmentPriorAmountPaid>
                    <AdjustmentNetDifference>118.72</AdjustmentNetDifference>
                    <AdjustmentPriorClaimNumber>70025K1778P-2 24482 CARE</AdjustmentPriorClaimNumber>
                    <TotalPatientAmount>371.42</TotalPatientAmount>
                    <TotalPatientDays></TotalPatientDays>
                    <ClaimRemarkCode></ClaimRemarkCode>
                </ClaimTotalsArray>
            </ClaimArray>
            <NOP_RemitSummaryArray>
                <GrandTotalAmountPaid>118.72</GrandTotalAmountPaid>
                <GrandTotalAutoRecoveryAmount>0.00</GrandTotalAutoRecoveryAmount>
                <GrandTotalCheckAmount>118.72</GrandTotalCheckAmount>
                <GrandRecoveryRemark></GrandRecoveryRemark>
                <PrintRecoveryTable>NO</PrintRecoveryTable>
                <GrandTotalCheckReducedAmount>0.00</GrandTotalCheckReducedAmount>
                <GrandEFTRemark></GrandEFTRemark>
                <ElectronicFundTransfer>YES</ElectronicFundTransfer>
            </NOP_RemitSummaryArray>
        </NOP_RemitDetails>
    </Mailset>
</HPXInputXML>
