<?xml version="1.0" encoding="UTF-8" standalone="yes"?>
<HPXInputXML>
    <NOP_Remit_Mode>BATCH</NOP_Remit_Mode>
    <Batchid>FEPRMT080081561448</Batchid>
    <FinanceCheckRecordHeaderArray>
        <ControlHeaderTotalAmount>1480.50</ControlHeaderTotalAmount>
        <VoucherCode>YB</VoucherCode>
    </FinanceCheckRecordHeaderArray>
    <Mailset>
        <FinanceCheckRecordArray>
            <PayeeIDNumber>1508311663</PayeeIDNumber>
            <PayeeName>MITCHELLVILLE HEALTH CARE</PayeeName>
            <CheckAmount>1480.50</CheckAmount>
            <VoucherCode>YB</VoucherCode>
            <IssueDate>08/15/2019</IssueDate>
            <TaxIDNumber></TaxIDNumber>
            <Type></Type>
            <InternalCHKNumber>100005146</InternalCHKNumber>
            <StateCode>MD</StateCode>
            <FEPSPLIT1HO>+0000000.00</FEPSPLIT1HO>
            <FEPSPLIT2SO>+0001480.50</FEPSPLIT2SO>
            <FEPSPLIT3BO>+0000000.00</FEPSPLIT3BO>
            <FEPSPLIT4HMO>+0000000.00</FEPSPLIT4HMO>
            <FEPSPLIT5SS>+0000000.00</FEPSPLIT5SS>
            <FEPSPLIT6BF>+0000000.00</FEPSPLIT6BF>
            <PayeeAddress1>3800 LOTTSFORD VISTA ROAD</PayeeAddress1>
            <PayeeAddress2></PayeeAddress2>
            <PayeeAddress3></PayeeAddress3>
            <PayeeCity>MITCHELLVILLE</PayeeCity>
            <PayeeState>MD</PayeeState>
            <PayeeZip>207214018</PayeeZip>
            <PayeeAlternateID>JN7</PayeeAlternateID>
            <MBRNumber></MBRNumber>
        </FinanceCheckRecordArray>
        <NOP_RemitDetails>
            <TransactionID>FEPRMT08008156144800001</TransactionID>
            <Jurisdiction>DC</Jurisdiction>
            <OutputFormat>PDF</OutputFormat>
            <Application>REMIT</Application>
            <HPXPrintInd>P</HPXPrintInd>
            <FileNetMaskFlag>NO</FileNetMaskFlag>
            <MedicalOrDental>Medical</MedicalOrDental>
            <StatementDate>08-15-2019</StatementDate>
            <VoucherSrcSysCdeArray>
                <VoucherCode>YB</VoucherCode>
                <ClaimSrcSysCde></ClaimSrcSysCde>
            </VoucherSrcSysCdeArray>
            <GenerateCheck>YES</GenerateCheck>
            <CheckSummaryDetails>
                <SummaryPageArray>
                    <MailingAddFirstName>MITCHELLVILLE HEALTH CARE</MailingAddFirstName>
                    <MailingAddLastName></MailingAddLastName>
                    <ChkMailingAddLine1>3800 LOTTSFORD VISTA ROAD</ChkMailingAddLine1>
                    <ChkMailingAddLine2></ChkMailingAddLine2>
                    <ChkMailingAddLine3></ChkMailingAddLine3>
                    <ChkMailingAddCity>MITCHELLVILLE</ChkMailingAddCity>
                    <ChkMailingAddState>MD</ChkMailingAddState>
                    <ChkMailingAddZip>20721-4018</ChkMailingAddZip>
                    <ChkMailingAddCountry></ChkMailingAddCountry>
                    <CheckDate>08/15/2019</CheckDate>
                    <CheckAmountSummary>1480.50</CheckAmountSummary>
                </SummaryPageArray>
                <CheckArray>
                    <FEPCheckNBR>100005146</FEPCheckNBR>
                    <CheckWriterCheckNBR></CheckWriterCheckNBR>
                    <CheckDateMM>08</CheckDateMM>
                    <CheckDateDD>15</CheckDateDD>
                    <CheckDateYY>19</CheckDateYY>
                    <FractionalNumberTop>62-22</FractionalNumberTop>
                    <FractionalNumberBottom>311</FractionalNumberBottom>
                    <CheckPayeeName>MITCHELLVILLE HEALTH CARE</CheckPayeeName>
                    <CheckPayeeType></CheckPayeeType>
                    <CheckPayeeNBR>1508311663 /JN70001</CheckPayeeNBR>
                    <CheckAmountActual></CheckAmountActual>
                    <CheckAmountScript></CheckAmountScript>
                    <CheckNotValid></CheckNotValid>
                    <CheckSignature1>Mark Chaney</CheckSignature1>
                    <CheckSignature2>Chet Burrell</CheckSignature2>
                    <BankRoutingNo></BankRoutingNo>
                    <BankAccountNo></BankAccountNo>
                    <BankCheckNo></BankCheckNo>
                </CheckArray>
            </CheckSummaryDetails>
            <PrintDetailsSegment>
                <CostCenter></CostCenter>
                <ImageCostCenter></ImageCostCenter>
                <PostageCostCenter></PostageCostCenter>
                <PrintType>CHK</PrintType>
                <PaperSize>Check_Duplex</PaperSize>
                <MailEnvelope>ENV1</MailEnvelope>
                <BRE></BRE>
                <Insert></Insert>
                <ImportantTaxInfoField></ImportantTaxInfoField>
                <PrintCarrier>USPS</PrintCarrier>
                <Salutation></Salutation>
                <Orientation>1PXL</Orientation>
                <FiservQueue>CDWLetters queue</FiservQueue>
                <SLA>2</SLA>
                <UserField1></UserField1>
                <ForeignAddress></ForeignAddress>
                <ParentWO></ParentWO>
                <HighLevelLetterName>FEP NOPw/Check</HighLevelLetterName>
            </PrintDetailsSegment>
            <FilenetSegment>
                <FilenetHeaderList>
                    <FilenetHeader>StatementDate</FilenetHeader>
                    <FilenetHeader>ProviderID</FilenetHeader>
                    <FilenetHeader>AccountCode</FilenetHeader>
                    <FilenetHeader>BillingNPI</FilenetHeader>
                    <FilenetHeader>CheckNumber</FilenetHeader>
                    <FilenetHeader>CheckReferenceNumber</FilenetHeader>
                    <FilenetHeader>BankSerialNumber</FilenetHeader>
                    <FilenetHeader>DocumentType</FilenetHeader>
                    <FilenetHeader>ControlPlan</FilenetHeader>
                    <FilenetHeader>ProviderName</FilenetHeader>
                    <FilenetHeader>TaxID</FilenetHeader>
                    <FilenetHeader>TransportType</FilenetHeader>
                    <FilenetHeader>VoucherCode</FilenetHeader>
                    <FilenetHeader>CheckDate</FilenetHeader>
                    <FilenetHeader>GrandTotalCheckAmount</FilenetHeader>
                    <FilenetHeader>Department</FilenetHeader>
                    <FilenetHeader>Sub_Department</FilenetHeader>
                    <FilenetHeader>Unit</FilenetHeader>
                    <FilenetHeader>Process</FilenetHeader>
                    <FilenetHeader>Sub_Process</FilenetHeader>
                    <FilenetHeader>Activity</FilenetHeader>
                    <FilenetHeader>VIP_FEP</FilenetHeader>
                </FilenetHeaderList>
                <FilenetPropertyValueList>
                    <FilenetPropertyValue>08/15/2019</FilenetPropertyValue>
                    <FilenetPropertyValue>1508311663</FilenetPropertyValue>
                    <FilenetPropertyValue>30</FilenetPropertyValue>
                    <FilenetPropertyValue>1508311663</FilenetPropertyValue>
                    <FilenetPropertyValue>30</FilenetPropertyValue>
                    <FilenetPropertyValue>100005146</FilenetPropertyValue>
                    <FilenetPropertyValue></FilenetPropertyValue>
                    <FilenetPropertyValue>FEP REMIT</FilenetPropertyValue>
                    <FilenetPropertyValue>080</FilenetPropertyValue>
                    <FilenetPropertyValue>MITCHELLVILLE HEALTH CARE</FilenetPropertyValue>
                    <FilenetPropertyValue>364832305</FilenetPropertyValue>
                    <FilenetPropertyValue>USPS</FilenetPropertyValue>
                    <FilenetPropertyValue>YB</FilenetPropertyValue>
                    <FilenetPropertyValue>08/15/2019</FilenetPropertyValue>
                    <FilenetPropertyValue>1480.50</FilenetPropertyValue>
                    <FilenetPropertyValue>Claims</FilenetPropertyValue>
                    <FilenetPropertyValue>Medical</FilenetPropertyValue>
                    <FilenetPropertyValue>FEP Remits</FilenetPropertyValue>
                    <FilenetPropertyValue>Manage Benefits and Claims</FilenetPropertyValue>
                    <FilenetPropertyValue>Claims</FilenetPropertyValue>
                    <FilenetPropertyValue>FEP Remits</FilenetPropertyValue>
                    <FilenetPropertyValue>NO</FilenetPropertyValue>
                </FilenetPropertyValueList>
            </FilenetSegment>
            <ProviderAddressDetails>
                <MailingProviderName>MITCHELLVILLE HEALTH CARE</MailingProviderName>
                <MailingAddLine1>3800 LOTTSFORD VISTA ROAD</MailingAddLine1>
                <MailingAddLine2></MailingAddLine2>
                <MailingAddLine3></MailingAddLine3>
                <MailingAddCity>MITCHELLVILLE</MailingAddCity>
                <MailingAddState>MD</MailingAddState>
                <MailingAddZip>20721-4018</MailingAddZip>
                <MailingAddCountry></MailingAddCountry>
            </ProviderAddressDetails>
            <InquiriesDetails>
                <InquiresAddressContactName>MAILROOM ADMINISTRATOR</InquiresAddressContactName>
                <InquiresAddressLine1>PO BOX 14112</InquiresAddressLine1>
                <InquiresAddressLine2></InquiresAddressLine2>
                <InquiresAddressLine3></InquiresAddressLine3>
                <InquiresAddressLine4></InquiresAddressLine4>
                <InquiresAddressCity>LEXINGTON</InquiresAddressCity>
                <InquiresAddressState>KY</InquiresAddressState>
                <InquiresAddressZIP>40512-4112</InquiresAddressZIP>
                <InquiresAdminPhone1>(202) 488-4900</InquiresAdminPhone1>
                <InquiresMailID>WWW.CAREFIRST.COM</InquiresMailID>
            </InquiriesDetails>
            <PaymentDetails>
                <PaymentDate>08-15-2019</PaymentDate>
                <ProviderNumber>1508311663</ProviderNumber>
                <ProviderTaxID>364832305</ProviderTaxID>
                <ProviderNPINumber>1508311663</ProviderNPINumber>
                <PayeeNumber>JN70001</PayeeNumber>
                <CheckNumber>100005146</CheckNumber>
            </PaymentDetails>
            <Remarks>
                <RemarkArray>
                    <RemarkCode>N97</RemarkCode>
                    <RemarkDescription>THE BLUE CROSS AND BLUE SHIELD SERVICE BENEFIT PLAN PROVIDES BENEFITS FOR PHYSICAL, OCCUPATIONAL, SPEECH, AND COGNITIVE THERAPY SERVICES, PRESCRIPTION DRUGS AND OXYGEN BILLED BY A SKILLED NURSING FACILITY, EXTENDED CARE FACILITY OR NURSING HOME. SINCE THIS CARE IS NOT ONE OF THESE COVERED SERVICES, NO BENEFITS ARE AVAILABLE FOR THESE CHARGES.</RemarkDescription>
                </RemarkArray>
            </Remarks>
            <ClaimArray>
                <HPXMaskType></HPXMaskType>
                <PatientFirstName>DOROTHY</PatientFirstName>
                <PatientMiddleName>J</PatientMiddleName>
                <PatientLastName>LYNCH</PatientLastName>
                <SubscriberId>R17437186</SubscriberId>
                <PatientAccountNumber>3180</PatientAccountNumber>
                <PatientRNPI>1508311663</PatientRNPI>
                <ClaimLineArray>
                    <SubscriberGroupNum></SubscriberGroupNum>
                    <ClaimNumber>7085AQ3006P</ClaimNumber>
                    <DRG></DRG>
                    <ServiceStartDate>01-01-17</ServiceStartDate>
                    <ServiceEndDate>01-18-17</ServiceEndDate>
                    <ServiceLineNumber>1</ServiceLineNumber>
                    <ProcedureCodeArray>
                        <ProcedureCode>0120</ProcedureCode>
                    </ProcedureCodeArray>
                    <ProviderChargeArray>
                        <ProviderCharge>5724.00</ProviderCharge>
                    </ProviderChargeArray>
                    <OIPaidAmountArray>
                        <OIPaidAmount>3402.23</OIPaidAmount>
                    </OIPaidAmountArray>
                    <AllowedChargeArray>
                        <AllowedCharge>3929.85</AllowedCharge>
                    </AllowedChargeArray>
                    <NonAllowedChargeArray>
                        <NonAllowedCharge>1794.15</NonAllowedCharge>
                    </NonAllowedChargeArray>
                    <DeductibleArray>
                        <Deductible>0.00</Deductible>
                    </DeductibleArray>
                    <CoPayArray>
                        <CoPay>0.00</CoPay>
                    </CoPayArray>
                    <ClaimLineRemarkCode></ClaimLineRemarkCode>
                    <CFPaidAmountArray>
                        <CFPaidAmount>527.62</CFPaidAmount>
                    </CFPaidAmountArray>
                    <ProviderMemNoArray>
                        <ProviderMemNo>0001</ProviderMemNo>
                    </ProviderMemNoArray>
                    <PatientAmountArray>
                        <PatientAmount>0.00</PatientAmount>
                    </PatientAmountArray>
                    <PatientDaysArray>
                        <PatientDays></PatientDays>
                    </PatientDaysArray>
                </ClaimLineArray>
                <ClaimLineArray>
                    <SubscriberGroupNum></SubscriberGroupNum>
                    <ClaimNumber>7085AQ3006P</ClaimNumber>
                    <DRG></DRG>
                    <ServiceStartDate>01-01-17</ServiceStartDate>
                    <ServiceEndDate>01-18-17</ServiceEndDate>
                    <ServiceLineNumber>2</ServiceLineNumber>
                    <ProcedureCodeArray>
                        <ProcedureCode>0022</ProcedureCode>
                    </ProcedureCodeArray>
                    <ProviderChargeArray>
                        <ProviderCharge>0.00</ProviderCharge>
                    </ProviderChargeArray>
                    <OIPaidAmountArray>
                        <OIPaidAmount>0.00</OIPaidAmount>
                    </OIPaidAmountArray>
                    <AllowedChargeArray>
                        <AllowedCharge>0.00</AllowedCharge>
                    </AllowedChargeArray>
                    <NonAllowedChargeArray>
                        <NonAllowedCharge>0.00</NonAllowedCharge>
                    </NonAllowedChargeArray>
                    <DeductibleArray>
                        <Deductible>0.00</Deductible>
                    </DeductibleArray>
                    <CoPayArray>
                        <CoPay>0.00</CoPay>
                    </CoPayArray>
                    <ClaimLineRemarkCode>N97</ClaimLineRemarkCode>
                    <CFPaidAmountArray>
                        <CFPaidAmount>0.00</CFPaidAmount>
                    </CFPaidAmountArray>
                    <ProviderMemNoArray>
                        <ProviderMemNo>0001</ProviderMemNo>
                    </ProviderMemNoArray>
                    <PatientAmountArray>
                        <PatientAmount>0.00</PatientAmount>
                    </PatientAmountArray>
                    <PatientDaysArray>
                        <PatientDays></PatientDays>
                    </PatientDaysArray>
                </ClaimLineArray>
                <ClaimLineArray>
                    <SubscriberGroupNum></SubscriberGroupNum>
                    <ClaimNumber>7085AQ3006P</ClaimNumber>
                    <DRG></DRG>
                    <ServiceStartDate>01-01-17</ServiceStartDate>
                    <ServiceEndDate>01-18-17</ServiceEndDate>
                    <ServiceLineNumber>3</ServiceLineNumber>
                    <ProcedureCodeArray>
                        <ProcedureCode>0022</ProcedureCode>
                    </ProcedureCodeArray>
                    <ProviderChargeArray>
                        <ProviderCharge>0.00</ProviderCharge>
                    </ProviderChargeArray>
                    <OIPaidAmountArray>
                        <OIPaidAmount>0.00</OIPaidAmount>
                    </OIPaidAmountArray>
                    <AllowedChargeArray>
                        <AllowedCharge>0.00</AllowedCharge>
                    </AllowedChargeArray>
                    <NonAllowedChargeArray>
                        <NonAllowedCharge>0.00</NonAllowedCharge>
                    </NonAllowedChargeArray>
                    <DeductibleArray>
                        <Deductible>0.00</Deductible>
                    </DeductibleArray>
                    <CoPayArray>
                        <CoPay>0.00</CoPay>
                    </CoPayArray>
                    <ClaimLineRemarkCode>N97</ClaimLineRemarkCode>
                    <CFPaidAmountArray>
                        <CFPaidAmount>0.00</CFPaidAmount>
                    </CFPaidAmountArray>
                    <ProviderMemNoArray>
                        <ProviderMemNo>0001</ProviderMemNo>
                    </ProviderMemNoArray>
                    <PatientAmountArray>
                        <PatientAmount>0.00</PatientAmount>
                    </PatientAmountArray>
                    <PatientDaysArray>
                        <PatientDays></PatientDays>
                    </PatientDaysArray>
                </ClaimLineArray>
                <ClaimLineArray>
                    <SubscriberGroupNum></SubscriberGroupNum>
                    <ClaimNumber>7085AQ3006P</ClaimNumber>
                    <DRG></DRG>
                    <ServiceStartDate>01-01-17</ServiceStartDate>
                    <ServiceEndDate>01-18-17</ServiceEndDate>
                    <ServiceLineNumber>4</ServiceLineNumber>
                    <ProcedureCodeArray>
                        <ProcedureCode>0250</ProcedureCode>
                    </ProcedureCodeArray>
                    <ProviderChargeArray>
                        <ProviderCharge>337.48</ProviderCharge>
                    </ProviderChargeArray>
                    <OIPaidAmountArray>
                        <OIPaidAmount>200.59</OIPaidAmount>
                    </OIPaidAmountArray>
                    <AllowedChargeArray>
                        <AllowedCharge>231.70</AllowedCharge>
                    </AllowedChargeArray>
                    <NonAllowedChargeArray>
                        <NonAllowedCharge>105.78</NonAllowedCharge>
                    </NonAllowedChargeArray>
                    <DeductibleArray>
                        <Deductible>0.00</Deductible>
                    </DeductibleArray>
                    <CoPayArray>
                        <CoPay>0.00</CoPay>
                    </CoPayArray>
                    <ClaimLineRemarkCode></ClaimLineRemarkCode>
                    <CFPaidAmountArray>
                        <CFPaidAmount>31.11</CFPaidAmount>
                    </CFPaidAmountArray>
                    <ProviderMemNoArray>
                        <ProviderMemNo>0001</ProviderMemNo>
                    </ProviderMemNoArray>
                    <PatientAmountArray>
                        <PatientAmount>0.00</PatientAmount>
                    </PatientAmountArray>
                    <PatientDaysArray>
                        <PatientDays></PatientDays>
                    </PatientDaysArray>
                </ClaimLineArray>
                <ClaimLineArray>
                    <SubscriberGroupNum></SubscriberGroupNum>
                    <ClaimNumber>7085AQ3006P</ClaimNumber>
                    <DRG></DRG>
                    <ServiceStartDate>01-01-17</ServiceStartDate>
                    <ServiceEndDate>01-18-17</ServiceEndDate>
                    <ServiceLineNumber>5</ServiceLineNumber>
                    <ProcedureCodeArray>
                        <ProcedureCode>0420</ProcedureCode>
                    </ProcedureCodeArray>
                    <ProviderChargeArray>
                        <ProviderCharge>3900.00</ProviderCharge>
                    </ProviderChargeArray>
                    <OIPaidAmountArray>
                        <OIPaidAmount>2318.07</OIPaidAmount>
                    </OIPaidAmountArray>
                    <AllowedChargeArray>
                        <AllowedCharge>2677.56</AllowedCharge>
                    </AllowedChargeArray>
                    <NonAllowedChargeArray>
                        <NonAllowedCharge>1222.44</NonAllowedCharge>
                    </NonAllowedChargeArray>
                    <DeductibleArray>
                        <Deductible>0.00</Deductible>
                    </DeductibleArray>
                    <CoPayArray>
                        <CoPay>0.00</CoPay>
                    </CoPayArray>
                    <ClaimLineRemarkCode></ClaimLineRemarkCode>
                    <CFPaidAmountArray>
                        <CFPaidAmount>359.49</CFPaidAmount>
                    </CFPaidAmountArray>
                    <ProviderMemNoArray>
                        <ProviderMemNo>0001</ProviderMemNo>
                    </ProviderMemNoArray>
                    <PatientAmountArray>
                        <PatientAmount>0.00</PatientAmount>
                    </PatientAmountArray>
                    <PatientDaysArray>
                        <PatientDays></PatientDays>
                    </PatientDaysArray>
                </ClaimLineArray>
                <ClaimLineArray>
                    <SubscriberGroupNum></SubscriberGroupNum>
                    <ClaimNumber>7085AQ3006P</ClaimNumber>
                    <DRG></DRG>
                    <ServiceStartDate>01-01-17</ServiceStartDate>
                    <ServiceEndDate>01-18-17</ServiceEndDate>
                    <ServiceLineNumber>6</ServiceLineNumber>
                    <ProcedureCodeArray>
                        <ProcedureCode>0430</ProcedureCode>
                    </ProcedureCodeArray>
                    <ProviderChargeArray>
                        <ProviderCharge>3825.00</ProviderCharge>
                    </ProviderChargeArray>
                    <OIPaidAmountArray>
                        <OIPaidAmount>2273.49</OIPaidAmount>
                    </OIPaidAmountArray>
                    <AllowedChargeArray>
                        <AllowedCharge>2626.07</AllowedCharge>
                    </AllowedChargeArray>
                    <NonAllowedChargeArray>
                        <NonAllowedCharge>1198.93</NonAllowedCharge>
                    </NonAllowedChargeArray>
                    <DeductibleArray>
                        <Deductible>0.00</Deductible>
                    </DeductibleArray>
                    <CoPayArray>
                        <CoPay>0.00</CoPay>
                    </CoPayArray>
                    <ClaimLineRemarkCode></ClaimLineRemarkCode>
                    <CFPaidAmountArray>
                        <CFPaidAmount>352.58</CFPaidAmount>
                    </CFPaidAmountArray>
                    <ProviderMemNoArray>
                        <ProviderMemNo>0001</ProviderMemNo>
                    </ProviderMemNoArray>
                    <PatientAmountArray>
                        <PatientAmount>0.00</PatientAmount>
                    </PatientAmountArray>
                    <PatientDaysArray>
                        <PatientDays></PatientDays>
                    </PatientDaysArray>
                </ClaimLineArray>
                <ClaimLineArray>
                    <SubscriberGroupNum></SubscriberGroupNum>
                    <ClaimNumber>7085AQ3006P</ClaimNumber>
                    <DRG></DRG>
                    <ServiceStartDate>01-01-17</ServiceStartDate>
                    <ServiceEndDate>01-18-17</ServiceEndDate>
                    <ServiceLineNumber>7</ServiceLineNumber>
                    <ProcedureCodeArray>
                        <ProcedureCode>0440</ProcedureCode>
                    </ProcedureCodeArray>
                    <ProviderChargeArray>
                        <ProviderCharge>2275.00</ProviderCharge>
                    </ProviderChargeArray>
                    <OIPaidAmountArray>
                        <OIPaidAmount>1352.21</OIPaidAmount>
                    </OIPaidAmountArray>
                    <AllowedChargeArray>
                        <AllowedCharge>1561.91</AllowedCharge>
                    </AllowedChargeArray>
                    <NonAllowedChargeArray>
                        <NonAllowedCharge>713.09</NonAllowedCharge>
                    </NonAllowedChargeArray>
                    <DeductibleArray>
                        <Deductible>0.00</Deductible>
                    </DeductibleArray>
                    <CoPayArray>
                        <CoPay>0.00</CoPay>
                    </CoPayArray>
                    <ClaimLineRemarkCode></ClaimLineRemarkCode>
                    <CFPaidAmountArray>
                        <CFPaidAmount>209.70</CFPaidAmount>
                    </CFPaidAmountArray>
                    <ProviderMemNoArray>
                        <ProviderMemNo>0001</ProviderMemNo>
                    </ProviderMemNoArray>
                    <PatientAmountArray>
                        <PatientAmount>0.00</PatientAmount>
                    </PatientAmountArray>
                    <PatientDaysArray>
                        <PatientDays></PatientDays>
                    </PatientDaysArray>
                </ClaimLineArray>
                <ClaimTotalsArray>
                    <Interest></Interest>
                    <TotalProviderCharge>16061.48</TotalProviderCharge>
                    <TotalOIPaidAmount>9546.59</TotalOIPaidAmount>
                    <TotalAllowedCharge>11027.09</TotalAllowedCharge>
                    <TotalNonAllowedCharges>5034.39</TotalNonAllowedCharges>
                    <TotalDeductible>0.00</TotalDeductible>
                    <TotalCopayCoins>0.00</TotalCopayCoins>
                    <TotalCFPaidAmount>1480.50</TotalCFPaidAmount>
                    <AdjustmentPriorAmountPaid></AdjustmentPriorAmountPaid>
                    <AdjustmentNetDifference></AdjustmentNetDifference>
                    <AdjustmentPriorClaimNumber></AdjustmentPriorClaimNumber>
                    <TotalPatientAmount>0.00</TotalPatientAmount>
                    <TotalPatientDays></TotalPatientDays>
                    <ClaimRemarkCode></ClaimRemarkCode>
                </ClaimTotalsArray>
            </ClaimArray>
            <NOP_RemitSummaryArray>
                <GrandTotalAmountPaid>1480.50</GrandTotalAmountPaid>
                <GrandTotalAutoRecoveryAmount>0.00</GrandTotalAutoRecoveryAmount>
                <GrandTotalCheckAmount>1480.50</GrandTotalCheckAmount>
                <GrandRecoveryRemark></GrandRecoveryRemark>
                <PrintRecoveryTable>NO</PrintRecoveryTable>
                <GrandTotalCheckReducedAmount>0.00</GrandTotalCheckReducedAmount>
                <GrandEFTRemark></GrandEFTRemark>
                <ElectronicFundTransfer>NO</ElectronicFundTransfer>
            </NOP_RemitSummaryArray>
        </NOP_RemitDetails>
    </Mailset>
</HPXInputXML>
