<?xml version="1.0" encoding="UTF-8" standalone="yes"?>
<GeneralLedgerTransaction xmlns="http://www.carefirst.com/GeneralLedgerTransactionCommonV1" xmlns:xsi="http://www.w3.org/2001/XMLSchema-instance" xmlns:nc="http://www.carefirst.com/GeneralLedgerTransactionBCBSNCV1" xsi:schemaLocation="http://www.carefirst.com/GeneralLedgerTransactionCommonV1 GeneralLedgerTransactionCommonV1.xsd http://www.carefirst.com/GeneralLedgerTransactionBCBSNCV1 GeneralLedgerTransactionBCBSNCV1.xsd">
    <Header>
        <PlanOrganization>BCBSNC</PlanOrganization>
        <ActivityTimestamp>2020-02-24T17:42:04.188-05:00</ActivityTimestamp>
        <LineOfBusiness>FEP</LineOfBusiness>
    </Header>
    <Detail xsi:type="nc:DetailTypeBCBSNC">
        <EntityCode>100</EntityCode>
        <AccountNumber>500001</AccountNumber>
        <CostCenter>00000</CostCenter>
        <CostCenterPool>0000</CostCenterPool>
        <Site>0000</Site>
        <Risk>000</Risk>
        <Product>000</Product>
        <Market>000</Market>
        <Operations>000</Operations>
        <Project>0000</Project>
        <CjaCode>1997</CjaCode>
        <Future>0000</Future>
        <Source>FDDE</Source>
        <CycleDate>2020-02-24</CycleDate>
        <GLAmount>45129.18</GLAmount>
        <GLDescription>VCHR 1A-FEP PLAN 810</GLDescription>
        <ReversalFlag/>
        <GLSource/>
        <GLCategory/>
        <CustomElements>
            <CustomElement name="RunGroup">FEPCareFirst</CustomElement>
            <CustomElement name="SequenceNumber1">1</CustomElement>
            <CustomElement name="OldCompany">9200</CustomElement>
            <CustomElement name="OldAccountNumber">500001</CustomElement>
            <CustomElement name="SourceCode">FE</CustomElement>
            <CustomElement name="ClaimPaidDate">2020-02-24</CustomElement>
            <CustomElement name="Description">FEP Claims</CustomElement>
            <CustomElement name="CurrencyCode">USD</CustomElement>
            <CustomElement name="TransactionAmount">+00045129.18</CustomElement>
            <CustomElement name="System">GL</CustomElement>
            <CustomElement name="PostingDate">2020-02-24</CustomElement>
            <CustomElement name="EffectDate">2020-02-24</CustomElement>
            <CustomElement name="Reference"/>
            <CustomElement name="UnitsAmount"/>
            <CustomElement name="BaseAmount"/>
            <CustomElement name="BaseRate"/>
            <CustomElement name="ProgramCode"/>
            <CustomElement name="AutoReverse"/>
            <CustomElement name="Activity"/>
            <CustomElement name="AccountCategory"/>
            <CustomElement name="DocumentNumber"/>
            <CustomElement name="ToBaseAmount"/>
            <CustomElement name="JournalBookNumber"/>
            <CustomElement name="Product">PPO</CustomElement>
            <CustomElement name="Segment">FEP</CustomElement>
            <CustomElement name="AttributeValue3"/>
            <CustomElement name="SequenceNumber2"/>
            <CustomElement name="NegativeAdjustment"/>
            <CustomElement name="UserAnalysis"/>
            <CustomElement name="ReportCurrencyOneAmount"/>
            <CustomElement name="ExchangeRate1"/>
            <CustomElement name="Decimal1"/>
            <CustomElement name="ReportCurrencyTwoAmount"/>
            <CustomElement name="ExchangeRate2"/>
            <CustomElement name="Decimal2"/>
            <CustomElement name="Company">BCBSNC</CustomElement>
        </CustomElements>
    </Detail>
    <Detail xsi:type="nc:DetailTypeBCBSNC">
        <EntityCode>100</EntityCode>
        <AccountNumber>402004</AccountNumber>
        <CostCenter>00000</CostCenter>
        <CostCenterPool>0000</CostCenterPool>
        <Site>0000</Site>
        <Risk>000</Risk>
        <Product>000</Product>
        <Market>000</Market>
        <Operations>000</Operations>
        <Project>0000</Project>
        <CjaCode>1997</CjaCode>
        <Future>0000</Future>
        <Source>FDDE</Source>
        <CycleDate>2020-02-24</CycleDate>
        <GLAmount>-45129.18</GLAmount>
        <GLDescription>VCHR 1A-FEP PLAN 810</GLDescription>
        <ReversalFlag/>
        <GLSource/>
        <GLCategory/>
        <CustomElements>
            <CustomElement name="RunGroup">FEPCareFirst</CustomElement>
            <CustomElement name="SequenceNumber1">2</CustomElement>
            <CustomElement name="OldCompany">9200</CustomElement>
            <CustomElement name="OldAccountNumber">402004</CustomElement>
            <CustomElement name="SourceCode">FE</CustomElement>
            <CustomElement name="ClaimPaidDate">2020-02-24</CustomElement>
            <CustomElement name="Description">FEP Claims</CustomElement>
            <CustomElement name="CurrencyCode">USD</CustomElement>
            <CustomElement name="TransactionAmount">-00045129.18</CustomElement>
            <CustomElement name="System">GL</CustomElement>
            <CustomElement name="PostingDate">2020-02-24</CustomElement>
            <CustomElement name="EffectDate">2020-02-24</CustomElement>
            <CustomElement name="Reference"/>
            <CustomElement name="UnitsAmount"/>
            <CustomElement name="BaseAmount"/>
            <CustomElement name="BaseRate"/>
            <CustomElement name="ProgramCode"/>
            <CustomElement name="AutoReverse"/>
            <CustomElement name="Activity"/>
            <CustomElement name="AccountCategory"/>
            <CustomElement name="DocumentNumber"/>
            <CustomElement name="ToBaseAmount"/>
            <CustomElement name="JournalBookNumber"/>
            <CustomElement name="Product">PPO</CustomElement>
            <CustomElement name="Segment">FEP</CustomElement>
            <CustomElement name="AttributeValue3"/>
            <CustomElement name="SequenceNumber2"/>
            <CustomElement name="NegativeAdjustment"/>
            <CustomElement name="UserAnalysis"/>
            <CustomElement name="ReportCurrencyOneAmount"/>
            <CustomElement name="ExchangeRate1"/>
            <CustomElement name="Decimal1"/>
            <CustomElement name="ReportCurrencyTwoAmount"/>
            <CustomElement name="ExchangeRate2"/>
            <CustomElement name="Decimal2"/>
            <CustomElement name="Company">BCBSNC</CustomElement>
        </CustomElements>
    </Detail>
    <Detail xsi:type="nc:DetailTypeBCBSNC">
        <EntityCode>100</EntityCode>
        <AccountNumber>120019</AccountNumber>
        <CostCenter>00000</CostCenter>
        <CostCenterPool>0000</CostCenterPool>
        <Site>0000</Site>
        <Risk>000</Risk>
        <Product>000</Product>
        <Market>000</Market>
        <Operations>000</Operations>
        <Project>0000</Project>
        <CjaCode>1997</CjaCode>
        <Future>0000</Future>
        <Source>FDDE</Source>
        <CycleDate>2020-02-24</CycleDate>
        <GLAmount>10824.75</GLAmount>
        <GLDescription>VCHR 1A-FEP PLAN 810</GLDescription>
        <ReversalFlag/>
        <GLSource/>
        <GLCategory/>
        <CustomElements>
            <CustomElement name="RunGroup">FEPCareFirst</CustomElement>
            <CustomElement name="SequenceNumber1">3</CustomElement>
            <CustomElement name="OldCompany">9200</CustomElement>
            <CustomElement name="OldAccountNumber">120019</CustomElement>
            <CustomElement name="SourceCode">FE</CustomElement>
            <CustomElement name="ClaimPaidDate">2020-02-24</CustomElement>
            <CustomElement name="Description">FEP Claims</CustomElement>
            <CustomElement name="CurrencyCode">USD</CustomElement>
            <CustomElement name="TransactionAmount">+00010824.75</CustomElement>
            <CustomElement name="System">GL</CustomElement>
            <CustomElement name="PostingDate">2020-02-24</CustomElement>
            <CustomElement name="EffectDate">2020-02-24</CustomElement>
            <CustomElement name="Reference"/>
            <CustomElement name="UnitsAmount"/>
            <CustomElement name="BaseAmount"/>
            <CustomElement name="BaseRate"/>
            <CustomElement name="ProgramCode"/>
            <CustomElement name="AutoReverse"/>
            <CustomElement name="Activity"/>
            <CustomElement name="AccountCategory"/>
            <CustomElement name="DocumentNumber"/>
            <CustomElement name="ToBaseAmount"/>
            <CustomElement name="JournalBookNumber"/>
            <CustomElement name="Product">PPO</CustomElement>
            <CustomElement name="Segment">FEP</CustomElement>
            <CustomElement name="AttributeValue3"/>
            <CustomElement name="SequenceNumber2"/>
            <CustomElement name="NegativeAdjustment"/>
            <CustomElement name="UserAnalysis"/>
            <CustomElement name="ReportCurrencyOneAmount"/>
            <CustomElement name="ExchangeRate1"/>
            <CustomElement name="Decimal1"/>
            <CustomElement name="ReportCurrencyTwoAmount"/>
            <CustomElement name="ExchangeRate2"/>
            <CustomElement name="Decimal2"/>
            <CustomElement name="Company">BCBSNC</CustomElement>
        </CustomElements>
    </Detail>
    <Detail xsi:type="nc:DetailTypeBCBSNC">
        <EntityCode>100</EntityCode>
        <AccountNumber>500001</AccountNumber>
        <CostCenter>00000</CostCenter>
        <CostCenterPool>0000</CostCenterPool>
        <Site>0000</Site>
        <Risk>000</Risk>
        <Product>000</Product>
        <Market>000</Market>
        <Operations>000</Operations>
        <Project>0000</Project>
        <CjaCode>1997</CjaCode>
        <Future>0000</Future>
        <Source>FDDE</Source>
        <CycleDate>2020-02-24</CycleDate>
        <GLAmount>-10824.75</GLAmount>
        <GLDescription>VCHR 1A-FEP PLAN 810</GLDescription>
        <ReversalFlag/>
        <GLSource/>
        <GLCategory/>
        <CustomElements>
            <CustomElement name="RunGroup">FEPCareFirst</CustomElement>
            <CustomElement name="SequenceNumber1">4</CustomElement>
            <CustomElement name="OldCompany">9200</CustomElement>
            <CustomElement name="OldAccountNumber">500001</CustomElement>
            <CustomElement name="SourceCode">FE</CustomElement>
            <CustomElement name="ClaimPaidDate">2020-02-24</CustomElement>
            <CustomElement name="Description">FEP Claims</CustomElement>
            <CustomElement name="CurrencyCode">USD</CustomElement>
            <CustomElement name="TransactionAmount">-00010824.75</CustomElement>
            <CustomElement name="System">GL</CustomElement>
            <CustomElement name="PostingDate">2020-02-24</CustomElement>
            <CustomElement name="EffectDate">2020-02-24</CustomElement>
            <CustomElement name="Reference"/>
            <CustomElement name="UnitsAmount"/>
            <CustomElement name="BaseAmount"/>
            <CustomElement name="BaseRate"/>
            <CustomElement name="ProgramCode"/>
            <CustomElement name="AutoReverse"/>
            <CustomElement name="Activity"/>
            <CustomElement name="AccountCategory"/>
            <CustomElement name="DocumentNumber"/>
            <CustomElement name="ToBaseAmount"/>
            <CustomElement name="JournalBookNumber"/>
            <CustomElement name="Product">PPO</CustomElement>
            <CustomElement name="Segment">FEP</CustomElement>
            <CustomElement name="AttributeValue3"/>
            <CustomElement name="SequenceNumber2"/>
            <CustomElement name="NegativeAdjustment"/>
            <CustomElement name="UserAnalysis"/>
            <CustomElement name="ReportCurrencyOneAmount"/>
            <CustomElement name="ExchangeRate1"/>
            <CustomElement name="Decimal1"/>
            <CustomElement name="ReportCurrencyTwoAmount"/>
            <CustomElement name="ExchangeRate2"/>
            <CustomElement name="Decimal2"/>
            <CustomElement name="Company">BCBSNC</CustomElement>
        </CustomElements>
    </Detail>
    <Detail xsi:type="nc:DetailTypeBCBSNC">
        <EntityCode>100</EntityCode>
        <AccountNumber>402004</AccountNumber>
        <CostCenter>00000</CostCenter>
        <CostCenterPool>0000</CostCenterPool>
        <Site>0000</Site>
        <Risk>000</Risk>
        <Product>000</Product>
        <Market>000</Market>
        <Operations>000</Operations>
        <Project>0000</Project>
        <CjaCode>1997</CjaCode>
        <Future>0000</Future>
        <Source>FDDE</Source>
        <CycleDate>2020-02-24</CycleDate>
        <GLAmount>8241.71</GLAmount>
        <GLDescription>VCHR 1A-FEP PLAN 810</GLDescription>
        <ReversalFlag/>
        <GLSource/>
        <GLCategory/>
        <CustomElements>
            <CustomElement name="RunGroup">FEPCareFirst</CustomElement>
            <CustomElement name="SequenceNumber1">5</CustomElement>
            <CustomElement name="OldCompany">9200</CustomElement>
            <CustomElement name="OldAccountNumber">402004</CustomElement>
            <CustomElement name="SourceCode">FE</CustomElement>
            <CustomElement name="ClaimPaidDate">2020-02-24</CustomElement>
            <CustomElement name="Description">FEP Claims</CustomElement>
            <CustomElement name="CurrencyCode">USD</CustomElement>
            <CustomElement name="TransactionAmount">+00008241.71</CustomElement>
            <CustomElement name="System">GL</CustomElement>
            <CustomElement name="PostingDate">2020-02-24</CustomElement>
            <CustomElement name="EffectDate">2020-02-24</CustomElement>
            <CustomElement name="Reference"/>
            <CustomElement name="UnitsAmount"/>
            <CustomElement name="BaseAmount"/>
            <CustomElement name="BaseRate"/>
            <CustomElement name="ProgramCode"/>
            <CustomElement name="AutoReverse"/>
            <CustomElement name="Activity"/>
            <CustomElement name="AccountCategory"/>
            <CustomElement name="DocumentNumber"/>
            <CustomElement name="ToBaseAmount"/>
            <CustomElement name="JournalBookNumber"/>
            <CustomElement name="Product">PPO</CustomElement>
            <CustomElement name="Segment">FEP</CustomElement>
            <CustomElement name="AttributeValue3"/>
            <CustomElement name="SequenceNumber2"/>
            <CustomElement name="NegativeAdjustment"/>
            <CustomElement name="UserAnalysis"/>
            <CustomElement name="ReportCurrencyOneAmount"/>
            <CustomElement name="ExchangeRate1"/>
            <CustomElement name="Decimal1"/>
            <CustomElement name="ReportCurrencyTwoAmount"/>
            <CustomElement name="ExchangeRate2"/>
            <CustomElement name="Decimal2"/>
            <CustomElement name="Company">BCBSNC</CustomElement>
        </CustomElements>
    </Detail>
    <Detail xsi:type="nc:DetailTypeBCBSNC">
        <EntityCode>100</EntityCode>
        <AccountNumber>500001</AccountNumber>
        <CostCenter>00000</CostCenter>
        <CostCenterPool>0000</CostCenterPool>
        <Site>0000</Site>
        <Risk>000</Risk>
        <Product>000</Product>
        <Market>000</Market>
        <Operations>000</Operations>
        <Project>0000</Project>
        <CjaCode>1997</CjaCode>
        <Future>0000</Future>
        <Source>FDDE</Source>
        <CycleDate>2020-02-24</CycleDate>
        <GLAmount>-8241.71</GLAmount>
        <GLDescription>VCHR 1A-FEP PLAN 810</GLDescription>
        <ReversalFlag/>
        <GLSource/>
        <GLCategory/>
        <CustomElements>
            <CustomElement name="RunGroup">FEPCareFirst</CustomElement>
            <CustomElement name="SequenceNumber1">6</CustomElement>
            <CustomElement name="OldCompany">9200</CustomElement>
            <CustomElement name="OldAccountNumber">500001</CustomElement>
            <CustomElement name="SourceCode">FE</CustomElement>
            <CustomElement name="ClaimPaidDate">2020-02-24</CustomElement>
            <CustomElement name="Description">FEP Claims</CustomElement>
            <CustomElement name="CurrencyCode">USD</CustomElement>
            <CustomElement name="TransactionAmount">-00008241.71</CustomElement>
            <CustomElement name="System">GL</CustomElement>
            <CustomElement name="PostingDate">2020-02-24</CustomElement>
            <CustomElement name="EffectDate">2020-02-24</CustomElement>
            <CustomElement name="Reference"/>
            <CustomElement name="UnitsAmount"/>
            <CustomElement name="BaseAmount"/>
            <CustomElement name="BaseRate"/>
            <CustomElement name="ProgramCode"/>
            <CustomElement name="AutoReverse"/>
            <CustomElement name="Activity"/>
            <CustomElement name="AccountCategory"/>
            <CustomElement name="DocumentNumber"/>
            <CustomElement name="ToBaseAmount"/>
            <CustomElement name="JournalBookNumber"/>
            <CustomElement name="Product">PPO</CustomElement>
            <CustomElement name="Segment">FEP</CustomElement>
            <CustomElement name="AttributeValue3"/>
            <CustomElement name="SequenceNumber2"/>
            <CustomElement name="NegativeAdjustment"/>
            <CustomElement name="UserAnalysis"/>
            <CustomElement name="ReportCurrencyOneAmount"/>
            <CustomElement name="ExchangeRate1"/>
            <CustomElement name="Decimal1"/>
            <CustomElement name="ReportCurrencyTwoAmount"/>
            <CustomElement name="ExchangeRate2"/>
            <CustomElement name="Decimal2"/>
            <CustomElement name="Company">BCBSNC</CustomElement>
        </CustomElements>
    </Detail>
    <Detail xsi:type="nc:DetailTypeBCBSNC">
        <EntityCode>100</EntityCode>
        <AccountNumber>120019</AccountNumber>
        <CostCenter>00000</CostCenter>
        <CostCenterPool>0000</CostCenterPool>
        <Site>0000</Site>
        <Risk>000</Risk>
        <Product>000</Product>
        <Market>000</Market>
        <Operations>000</Operations>
        <Project>0000</Project>
        <CjaCode>1997</CjaCode>
        <Future>0000</Future>
        <Source>FDDE</Source>
        <CycleDate>2020-02-24</CycleDate>
        <GLAmount>1476.30</GLAmount>
        <GLDescription>VCHR 1A-FEP PLAN 810</GLDescription>
        <ReversalFlag/>
        <GLSource/>
        <GLCategory/>
        <CustomElements>
            <CustomElement name="RunGroup">FEPCareFirst</CustomElement>
            <CustomElement name="SequenceNumber1">7</CustomElement>
            <CustomElement name="OldCompany">9200</CustomElement>
            <CustomElement name="OldAccountNumber">120019</CustomElement>
            <CustomElement name="SourceCode">FE</CustomElement>
            <CustomElement name="ClaimPaidDate">2020-02-24</CustomElement>
            <CustomElement name="Description">FEP Claims</CustomElement>
            <CustomElement name="CurrencyCode">USD</CustomElement>
            <CustomElement name="TransactionAmount">+00001476.30</CustomElement>
            <CustomElement name="System">GL</CustomElement>
            <CustomElement name="PostingDate">2020-02-24</CustomElement>
            <CustomElement name="EffectDate">2020-02-24</CustomElement>
            <CustomElement name="Reference"/>
            <CustomElement name="UnitsAmount"/>
            <CustomElement name="BaseAmount"/>
            <CustomElement name="BaseRate"/>
            <CustomElement name="ProgramCode"/>
            <CustomElement name="AutoReverse"/>
            <CustomElement name="Activity"/>
            <CustomElement name="AccountCategory"/>
            <CustomElement name="DocumentNumber"/>
            <CustomElement name="ToBaseAmount"/>
            <CustomElement name="JournalBookNumber"/>
            <CustomElement name="Product">PPO</CustomElement>
            <CustomElement name="Segment">FEP</CustomElement>
            <CustomElement name="AttributeValue3"/>
            <CustomElement name="SequenceNumber2"/>
            <CustomElement name="NegativeAdjustment"/>
            <CustomElement name="UserAnalysis"/>
            <CustomElement name="ReportCurrencyOneAmount"/>
            <CustomElement name="ExchangeRate1"/>
            <CustomElement name="Decimal1"/>
            <CustomElement name="ReportCurrencyTwoAmount"/>
            <CustomElement name="ExchangeRate2"/>
            <CustomElement name="Decimal2"/>
            <CustomElement name="Company">BCBSNC</CustomElement>
        </CustomElements>
    </Detail>
    <Detail xsi:type="nc:DetailTypeBCBSNC">
        <EntityCode>100</EntityCode>
        <AccountNumber>500001</AccountNumber>
        <CostCenter>00000</CostCenter>
        <CostCenterPool>0000</CostCenterPool>
        <Site>0000</Site>
        <Risk>000</Risk>
        <Product>000</Product>
        <Market>000</Market>
        <Operations>000</Operations>
        <Project>0000</Project>
        <CjaCode>1997</CjaCode>
        <Future>0000</Future>
        <Source>FDDE</Source>
        <CycleDate>2020-02-24</CycleDate>
        <GLAmount>-1476.30</GLAmount>
        <GLDescription>VCHR 1A-FEP PLAN 810</GLDescription>
        <ReversalFlag/>
        <GLSource/>
        <GLCategory/>
        <CustomElements>
            <CustomElement name="RunGroup">FEPCareFirst</CustomElement>
            <CustomElement name="SequenceNumber1">8</CustomElement>
            <CustomElement name="OldCompany">9200</CustomElement>
            <CustomElement name="OldAccountNumber">500001</CustomElement>
            <CustomElement name="SourceCode">FE</CustomElement>
            <CustomElement name="ClaimPaidDate">2020-02-24</CustomElement>
            <CustomElement name="Description">FEP Claims</CustomElement>
            <CustomElement name="CurrencyCode">USD</CustomElement>
            <CustomElement name="TransactionAmount">-00001476.30</CustomElement>
            <CustomElement name="System">GL</CustomElement>
            <CustomElement name="PostingDate">2020-02-24</CustomElement>
            <CustomElement name="EffectDate">2020-02-24</CustomElement>
            <CustomElement name="Reference"/>
            <CustomElement name="UnitsAmount"/>
            <CustomElement name="BaseAmount"/>
            <CustomElement name="BaseRate"/>
            <CustomElement name="ProgramCode"/>
            <CustomElement name="AutoReverse"/>
            <CustomElement name="Activity"/>
            <CustomElement name="AccountCategory"/>
            <CustomElement name="DocumentNumber"/>
            <CustomElement name="ToBaseAmount"/>
            <CustomElement name="JournalBookNumber"/>
            <CustomElement name="Product">PPO</CustomElement>
            <CustomElement name="Segment">FEP</CustomElement>
            <CustomElement name="AttributeValue3"/>
            <CustomElement name="SequenceNumber2"/>
            <CustomElement name="NegativeAdjustment"/>
            <CustomElement name="UserAnalysis"/>
            <CustomElement name="ReportCurrencyOneAmount"/>
            <CustomElement name="ExchangeRate1"/>
            <CustomElement name="Decimal1"/>
            <CustomElement name="ReportCurrencyTwoAmount"/>
            <CustomElement name="ExchangeRate2"/>
            <CustomElement name="Decimal2"/>
            <CustomElement name="Company">BCBSNC</CustomElement>
        </CustomElements>
    </Detail>
    <Detail xsi:type="nc:DetailTypeBCBSNC">
        <EntityCode>300</EntityCode>
        <AccountNumber>402004</AccountNumber>
        <CostCenter>00000</CostCenter>
        <CostCenterPool>0000</CostCenterPool>
        <Site>0000</Site>
        <Risk>000</Risk>
        <Product>000</Product>
        <Market>000</Market>
        <Operations>000</Operations>
        <Project>0000</Project>
        <CjaCode>3997</CjaCode>
        <Future>0000</Future>
        <Source>FDDE</Source>
        <CycleDate>2020-02-24</CycleDate>
        <GLAmount>1213.52</GLAmount>
        <GLDescription>VCHR 1A-FEP PLAN 810</GLDescription>
        <ReversalFlag/>
        <GLSource/>
        <GLCategory/>
        <CustomElements>
            <CustomElement name="RunGroup">FEPCareFirst</CustomElement>
            <CustomElement name="SequenceNumber1">1</CustomElement>
            <CustomElement name="OldCompany">9200</CustomElement>
            <CustomElement name="OldAccountNumber">402004</CustomElement>
            <CustomElement name="SourceCode">FE</CustomElement>
            <CustomElement name="ClaimPaidDate">2020-02-24</CustomElement>
            <CustomElement name="Description">FEP Claims</CustomElement>
            <CustomElement name="CurrencyCode">USD</CustomElement>
            <CustomElement name="TransactionAmount">+00001213.52</CustomElement>
            <CustomElement name="System">GL</CustomElement>
            <CustomElement name="PostingDate">2020-02-24</CustomElement>
            <CustomElement name="EffectDate">2020-02-24</CustomElement>
            <CustomElement name="Reference"/>
            <CustomElement name="UnitsAmount"/>
            <CustomElement name="BaseAmount"/>
            <CustomElement name="BaseRate"/>
            <CustomElement name="ProgramCode"/>
            <CustomElement name="AutoReverse"/>
            <CustomElement name="Activity"/>
            <CustomElement name="AccountCategory"/>
            <CustomElement name="DocumentNumber"/>
            <CustomElement name="ToBaseAmount"/>
            <CustomElement name="JournalBookNumber"/>
            <CustomElement name="Product">PPO</CustomElement>
            <CustomElement name="Segment">FEP</CustomElement>
            <CustomElement name="AttributeValue3"/>
            <CustomElement name="SequenceNumber2"/>
            <CustomElement name="NegativeAdjustment"/>
            <CustomElement name="UserAnalysis"/>
            <CustomElement name="ReportCurrencyOneAmount"/>
            <CustomElement name="ExchangeRate1"/>
            <CustomElement name="Decimal1"/>
            <CustomElement name="ReportCurrencyTwoAmount"/>
            <CustomElement name="ExchangeRate2"/>
            <CustomElement name="Decimal2"/>
            <CustomElement name="Company">BCBSNC</CustomElement>
        </CustomElements>
    </Detail>
    <Detail xsi:type="nc:DetailTypeBCBSNC">
        <EntityCode>300</EntityCode>
        <AccountNumber>120019</AccountNumber>
        <CostCenter>00000</CostCenter>
        <CostCenterPool>0000</CostCenterPool>
        <Site>0000</Site>
        <Risk>000</Risk>
        <Product>000</Product>
        <Market>000</Market>
        <Operations>000</Operations>
        <Project>0000</Project>
        <CjaCode>3997</CjaCode>
        <Future>0000</Future>
        <Source>FDDE</Source>
        <CycleDate>2020-02-24</CycleDate>
        <GLAmount>-1213.52</GLAmount>
        <GLDescription>VCHR 1A-FEP PLAN 810</GLDescription>
        <ReversalFlag/>
        <GLSource/>
        <GLCategory/>
        <CustomElements>
            <CustomElement name="RunGroup">FEPCareFirst</CustomElement>
            <CustomElement name="SequenceNumber1">2</CustomElement>
            <CustomElement name="OldCompany">9200</CustomElement>
            <CustomElement name="OldAccountNumber">120019</CustomElement>
            <CustomElement name="SourceCode">FE</CustomElement>
            <CustomElement name="ClaimPaidDate">2020-02-24</CustomElement>
            <CustomElement name="Description">FEP Claims</CustomElement>
            <CustomElement name="CurrencyCode">USD</CustomElement>
            <CustomElement name="TransactionAmount">-00001213.52</CustomElement>
            <CustomElement name="System">GL</CustomElement>
            <CustomElement name="PostingDate">2020-02-24</CustomElement>
            <CustomElement name="EffectDate">2020-02-24</CustomElement>
            <CustomElement name="Reference"/>
            <CustomElement name="UnitsAmount"/>
            <CustomElement name="BaseAmount"/>
            <CustomElement name="BaseRate"/>
            <CustomElement name="ProgramCode"/>
            <CustomElement name="AutoReverse"/>
            <CustomElement name="Activity"/>
            <CustomElement name="AccountCategory"/>
            <CustomElement name="DocumentNumber"/>
            <CustomElement name="ToBaseAmount"/>
            <CustomElement name="JournalBookNumber"/>
            <CustomElement name="Product">PPO</CustomElement>
            <CustomElement name="Segment">FEP</CustomElement>
            <CustomElement name="AttributeValue3"/>
            <CustomElement name="SequenceNumber2"/>
            <CustomElement name="NegativeAdjustment"/>
            <CustomElement name="UserAnalysis"/>
            <CustomElement name="ReportCurrencyOneAmount"/>
            <CustomElement name="ExchangeRate1"/>
            <CustomElement name="Decimal1"/>
            <CustomElement name="ReportCurrencyTwoAmount"/>
            <CustomElement name="ExchangeRate2"/>
            <CustomElement name="Decimal2"/>
            <CustomElement name="Company">BCBSNC</CustomElement>
        </CustomElements>
    </Detail>
    <Trailer>
        <RecordCount>10</RecordCount>
        <RecordTotal currency="dollars">0</RecordTotal>
    </Trailer>
</GeneralLedgerTransaction>
