<?xml version="1.0" encoding="UTF-8" standalone="yes"?>
<GeneralLedgerTransaction xmlns="http://www.carefirst.com/GeneralLedgerTransactionCommonV1" xmlns:xsi="http://www.w3.org/2001/XMLSchema-instance" xmlns:ne="http://www.carefirst.com/GeneralLedgerTransactionNEBRASKAV1" xsi:schemaLocation="http://www.carefirst.com/GeneralLedgerTransactionCommonV1 GeneralLedgerTransactionCommonV1.xsd http://www.carefirst.com/GeneralLedgerTransactionNEBRASKAV1 GeneralLedgerTransactionNEBRASKAV1.xsd">
    <Header>
        <PlanOrganization>BCBSNE</PlanOrganization>
        <ActivityTimestamp>2019-11-25T15:41:07.050-05:00</ActivityTimestamp>
        <LineOfBusiness>FEP</LineOfBusiness>
    </Header>
    <Detail xsi:type="ne:DetailTypeNEBRASKA">
        <EntityCode>100</EntityCode>
        <AccountNumber>500001-000000-400-110-220-40-510-40</AccountNumber>
        <CostCenter>00000</CostCenter>
        <CostCenterPool>0000</CostCenterPool>
        <Site>0000</Site>
        <Risk>000</Risk>
        <Product>000</Product>
        <Market>000</Market>
        <Operations>000</Operations>
        <Project>0000</Project>
        <CjaCode>1997</CjaCode>
        <Future>0000</Future>
        <Source>FDDE</Source>
        <CycleDate>2019-11-25</CycleDate>
        <GLAmount>367.15</GLAmount>
        <GLDescription>VCHR 1A-FEP PLAN 760</GLDescription>
        <ReversalFlag/>
        <GLSource/>
        <GLCategory/>
        <CustomElements>
            <CustomElement name="RunGroup">FEPCareFirst</CustomElement>
            <CustomElement name="SequenceNumber1">1</CustomElement>
            <CustomElement name="OldCompany">9200</CustomElement>
            <CustomElement name="OldAccountNumber">500001-000000-400-110-220-40-510-40</CustomElement>
            <CustomElement name="SourceCode">FE</CustomElement>
            <CustomElement name="ClaimPaidDate">2019-11-25</CustomElement>
            <CustomElement name="Description">FEP Claims</CustomElement>
            <CustomElement name="CurrencyCode">USD</CustomElement>
            <CustomElement name="TransactionAmount">+00000367.15</CustomElement>
            <CustomElement name="System">GL</CustomElement>
            <CustomElement name="PostingDate">2019-11-25</CustomElement>
            <CustomElement name="EffectDate">2019-11-25</CustomElement>
            <CustomElement name="Reference"/>
            <CustomElement name="UnitsAmount"/>
            <CustomElement name="BaseAmount"/>
            <CustomElement name="BaseRate"/>
            <CustomElement name="ProgramCode"/>
            <CustomElement name="AutoReverse"/>
            <CustomElement name="Activity"/>
            <CustomElement name="AccountCategory"/>
            <CustomElement name="DocumentNumber"/>
            <CustomElement name="ToBaseAmount"/>
            <CustomElement name="JournalBookNumber"/>
            <CustomElement name="Product">PPO</CustomElement>
            <CustomElement name="Segment">FEP</CustomElement>
            <CustomElement name="AttributeValue3"/>
            <CustomElement name="SequenceNumber2"/>
            <CustomElement name="NegativeAdjustment"/>
            <CustomElement name="UserAnalysis"/>
            <CustomElement name="ReportCurrencyOneAmount"/>
            <CustomElement name="ExchangeRate1"/>
            <CustomElement name="Decimal1"/>
            <CustomElement name="ReportCurrencyTwoAmount"/>
            <CustomElement name="ExchangeRate2"/>
            <CustomElement name="Decimal2"/>
            <CustomElement name="Company">NEBRASKA</CustomElement>
        </CustomElements>
    </Detail>
    <Detail xsi:type="ne:DetailTypeNEBRASKA">
        <EntityCode>100</EntityCode>
        <AccountNumber>126801-000000-000-000-000-00-000-00</AccountNumber>
        <CostCenter>00000</CostCenter>
        <CostCenterPool>0000</CostCenterPool>
        <Site>0000</Site>
        <Risk>000</Risk>
        <Product>000</Product>
        <Market>000</Market>
        <Operations>000</Operations>
        <Project>0000</Project>
        <CjaCode>1997</CjaCode>
        <Future>0000</Future>
        <Source>FDDE</Source>
        <CycleDate>2019-11-25</CycleDate>
        <GLAmount>-367.15</GLAmount>
        <GLDescription>VCHR 1A-FEP PLAN 760</GLDescription>
        <ReversalFlag/>
        <GLSource/>
        <GLCategory/>
        <CustomElements>
            <CustomElement name="RunGroup">FEPCareFirst</CustomElement>
            <CustomElement name="SequenceNumber1">2</CustomElement>
            <CustomElement name="OldCompany">9200</CustomElement>
            <CustomElement name="OldAccountNumber">126801-000000-000-000-000-00-000-00</CustomElement>
            <CustomElement name="SourceCode">FE</CustomElement>
            <CustomElement name="ClaimPaidDate">2019-11-25</CustomElement>
            <CustomElement name="Description">FEP Claims</CustomElement>
            <CustomElement name="CurrencyCode">USD</CustomElement>
            <CustomElement name="TransactionAmount">-00000367.15</CustomElement>
            <CustomElement name="System">GL</CustomElement>
            <CustomElement name="PostingDate">2019-11-25</CustomElement>
            <CustomElement name="EffectDate">2019-11-25</CustomElement>
            <CustomElement name="Reference"/>
            <CustomElement name="UnitsAmount"/>
            <CustomElement name="BaseAmount"/>
            <CustomElement name="BaseRate"/>
            <CustomElement name="ProgramCode"/>
            <CustomElement name="AutoReverse"/>
            <CustomElement name="Activity"/>
            <CustomElement name="AccountCategory"/>
            <CustomElement name="DocumentNumber"/>
            <CustomElement name="ToBaseAmount"/>
            <CustomElement name="JournalBookNumber"/>
            <CustomElement name="Product">PPO</CustomElement>
            <CustomElement name="Segment">FEP</CustomElement>
            <CustomElement name="AttributeValue3"/>
            <CustomElement name="SequenceNumber2"/>
            <CustomElement name="NegativeAdjustment"/>
            <CustomElement name="UserAnalysis"/>
            <CustomElement name="ReportCurrencyOneAmount"/>
            <CustomElement name="ExchangeRate1"/>
            <CustomElement name="Decimal1"/>
            <CustomElement name="ReportCurrencyTwoAmount"/>
            <CustomElement name="ExchangeRate2"/>
            <CustomElement name="Decimal2"/>
            <CustomElement name="Company">NEBRASKA</CustomElement>
        </CustomElements>
    </Detail>
    <Trailer>
        <RecordCount>2</RecordCount>
        <RecordTotal currency="dollars">0</RecordTotal>
    </Trailer>
</GeneralLedgerTransaction>
